location_id,name,web_url,rating,num_reviews,ranking_string,latitude,longitude,address,city,state,country,phone,website,price_level,seed_place,seed_geo_id
33344134,Leatherstocking Timber Products,https://www.tripadvisor.com/Attraction_Review-g48853-d33344134-Reviews-Leatherstocking_Timber_Products-West_Oneonta_Oneonta_Otsego_County_New_York.html?m=66827,5.0,3,,42.445614,-74.97493,"359 Delaware County Highway 11, West Oneonta, Oneonta, NY 13820",West Oneonta,New York,United States,+1 607-436-9082,https://leatherstockinghandsplits.com/,,"Manhattan, New York, USA",28953
9681910,C&C Taxi and Airport Transportation,https://www.tripadvisor.com/Attraction_Review-g48333-d9681910-Reviews-C_C_Taxi_and_Airport_Transportation-Oneonta_Otsego_County_New_York.html?m=66827,5.0,1,,42.44465,-75.03002,"Oneonta, NY",Oneonta,New York,United States,+1 607-434-6531,https://www.facebook.com/candctransport13820/,,"Manhattan, New York, USA",28953
19229164,Fortin Park,https://www.tripadvisor.com/Attraction_Review-g48333-d19229164-Reviews-Fortin_Park-Oneonta_Otsego_County_New_York.html?m=66827,5.0,2,,42.453854,-75.013954,"101 Youngs Road, Oneonta, NY 13820",Oneonta,New York,United States,+1 607-432-2900,http://townofoneonta.org/town/parks-recreation/fortin-park/,,"Manhattan, New York, USA",28953
27041184,Caribbean Day Spa,https://www.tripadvisor.com/Attraction_Review-g48853-d27041184-Reviews-Caribbean_Day_Spa-West_Oneonta_Oneonta_Otsego_County_New_York.html?m=66827,,0,,42.447132,-75.0235,"5252 State Highway 23, West Oneonta, Oneonta, NY 13820-3560",West Oneonta,New York,United States,+1 607-435-7984,http://www.caribbeandayspa.biz,,"Manhattan, New York, USA",28953
2163160,Hanford Mills Museum,https://www.tripadvisor.com/Attraction_Review-g47636-d2163160-Reviews-Hanford_Mills_Museum-Meredith_Catskill_Region_New_York.html?m=66827,4.8,41,,42.422653,-74.8864,"51 County Highway 12, Meredith, NY 13757-9998",Meredith,New York,United States,+1 607-278-5744,http://www.hanfordmills.org,,"Manhattan, New York, USA",28953
24990340,Skyhold Ranch,https://www.tripadvisor.com/Attraction_Review-g47587-d24990340-Reviews-Skyhold_Ranch-Delhi_Catskill_Region_New_York.html?m=66827,4.7,3,,42.397778,-74.87726,"7947 Elk Creek Rd, Delhi, NY 13753-1450",Delhi,New York,United States,+1 607-746-8078,http://www.skyholdranch.com,,"Manhattan, New York, USA",28953
14912191,Mountain View Dairy,https://www.tripadvisor.com/Attraction_Review-g47332-d14912191-Reviews-Mountain_View_Dairy-Bloomville_Catskill_Region_New_York.html?m=66827,5.0,2,,42.358852,-74.83043,"1468 Bloomville Hill Rd, Bloomville, NY 13739-2327",Bloomville,New York,United States,+1 518-944-0768,http://www.mountainviewdairyfarm.com,,"Manhattan, New York, USA",28953
3315702,HaSu Ranch Alpacas,https://www.tripadvisor.com/Attraction_Review-g47636-d3315702-Reviews-HaSu_Ranch_Alpacas-Meredith_Catskill_Region_New_York.html?m=66827,,0,,42.40975,-74.9711,"939 McDougal Rd., Meredith, NY",Meredith,New York,United States,,,,"Manhattan, New York, USA",28953
8110082,Emmons Pond Bog,https://www.tripadvisor.com/Attraction_Review-g48333-d8110082-Reviews-Emmons_Pond_Bog-Oneonta_Otsego_County_New_York.html?m=66827,4.7,13,,42.42388,-75.01002,"White Hill Rd, Oneonta, NY 13820",Oneonta,New York,United States,,http://www.nature.org/ourinitiatives/regions/northamerica/unitedstates/newyork/places-preserves/eny-emmons-pond-bog.xml,,"Manhattan, New York, USA",28953
10092085,Shaver Hill Maple Farm,https://www.tripadvisor.com/Attraction_Review-g47862-d10092085-Reviews-Shaver_Hill_Maple_Farm-Harpersfield_Catskill_Region_New_York.html?m=66827,5.0,3,,42.4435,-74.70979,"310 Shaver Rd, Harpersfield, NY 13786-8365",Harpersfield,New York,United States,+1 607-652-6792,http://www.shaverhillfarm.com/,,"Manhattan, New York, USA",28953
26926818,Emirates Desert Adventure,https://www.tripadvisor.com/Attraction_Review-g295424-d26926818-Reviews-Emirates_Desert_Adventure-Dubai_Emirate_of_Dubai.html?m=66827,,0,,25.274548,55.36086,"Samhan Building - Office No 201B - Garhoud, Dubai 00000 United Arab Emirates",Dubai,Emirate of Dubai,United Arab Emirates,+971 55 122 5549,https://emiratesdesertadventure.com/,,"Dubai, UAE",295424
23637227,Dubai Dune Buggy,https://www.tripadvisor.com/Attraction_Review-g295424-d23637227-Reviews-Dubai_Dune_Buggy-Dubai_Emirate_of_Dubai.html?m=66827,,0,,25.27492,55.3652,"Al Nahda 2, Pond Park, Dubai Al shafar 4 Building, Office 901, Dubai 042 United Arab Emirates",Dubai,Emirate of Dubai,United Arab Emirates,+971 50 283 8387,http://dubaidunebuggy.com/,,"Dubai, UAE",295424
19418798,Osman,https://www.tripadvisor.com/Attraction_Review-g295424-d19418798-Reviews-Osman-Dubai_Emirate_of_Dubai.html?m=66827,5.0,4,,25.27492,55.3652,"Al nahda, dubai 209 Al Marjan Tower, Dubai 0000 United Arab Emirates",Dubai,Emirate of Dubai,United Arab Emirates,+971 58 189 9699,https://dubaitourntravels.com/,,"Dubai, UAE",295424
19260220,Meet The Locals,https://www.tripadvisor.com/Attraction_Review-g295424-d19260220-Reviews-Meet_The_Locals-Dubai_Emirate_of_Dubai.html?m=66827,,0,,25.275,55.3676,"Al Qusais, Villa 26, Dubai 0000 United Arab Emirates",Dubai,Emirate of Dubai,United Arab Emirates,+971 50 920 9247,https://meetthelocalsuae.com/,,"Dubai, UAE",295424
23879591,Footlab Dubai,https://www.tripadvisor.com/Attraction_Review-g295424-d23879591-Reviews-Footlab_Dubai-Dubai_Emirate_of_Dubai.html?m=66827,,0,,25.274548,55.36086,"Isd - Dubai Sports City, Dubai United Arab Emirates",Dubai,Emirate of Dubai,United Arab Emirates,+971 55 997 4878,http://footlabworld.com/en/footlab/dubai,,"Dubai, UAE",295424
23960957,Bikeon,https://www.tripadvisor.com/Attraction_Review-g295424-d23960957-Reviews-Bikeon-Dubai_Emirate_of_Dubai.html?m=66827,5.0,1,,25.274548,55.36086,"Nad Al Sheba, Dubai United Arab Emirates",Dubai,Emirate of Dubai,United Arab Emirates,,,,"Dubai, UAE",295424
26346696,Truth yoga,https://www.tripadvisor.com/Attraction_Review-g295424-d26346696-Reviews-Truth_yoga-Dubai_Emirate_of_Dubai.html?m=66827,5.0,14,,25.274548,55.36086,"Jumeirah beach road Sunset mall, level 2, Dubai United Arab Emirates",Dubai,Emirate of Dubai,United Arab Emirates,,,,"Dubai, UAE",295424
26501691,Dubai International Financial Centre,https://www.tripadvisor.com/Attraction_Review-g295424-d26501691-Reviews-Dubai_International_Financial_Centre-Dubai_Emirate_of_Dubai.html?m=66827,5.0,1,,25.274548,55.36086,"Sheikh Zayed Rd - Trade Centre - DIFC, Dubai United Arab Emirates",Dubai,Emirate of Dubai,United Arab Emirates,,,,"Dubai, UAE",295424
26193218,Dubai Mall Chinatown,https://www.tripadvisor.com/Attraction_Review-g295424-d26193218-Reviews-Dubai_Mall_Chinatown-Dubai_Emirate_of_Dubai.html?m=66827,4.7,14,,25.274548,55.36086,"Dubai Mall, Downtown Dubai, Dubai United Arab Emirates",Dubai,Emirate of Dubai,United Arab Emirates,+971 800 382246255,https://www.facebook.com/TheDubaiMall,,"Dubai, UAE",295424
24087502,Central Paddle Dubai,https://www.tripadvisor.com/Attraction_Review-g295424-d24087502-Reviews-Central_Paddle_Dubai-Dubai_Emirate_of_Dubai.html?m=66827,,0,,25.274548,55.36086,"Al Quoz 14 11a Street Ai Quoz Industrial Area 3 - Dubai, Dubai Na United Arab Emirates",Dubai,Emirate of Dubai,United Arab Emirates,+971 54 706 4955,http://www.centralpadel.ae/,,"Dubai, UAE",295424
1947717,Palace Cycling,https://www.tripadvisor.com/Attraction_Review-g14129528-d1947717-Reviews-Palace_Cycling-Marunouchi_Chiyoda_Tokyo_Tokyo_Prefecture_Kanto.html?m=66827,4.0,15,,35.679367,139.75958,"2, Marunouchi, Chiyoda 100-0005 Tokyo Prefecture",Marunouchi,Tokyo Prefecture,Japan,+81 3-5572-6412,http://www.jbpi.or.jp/palace.php,,"Tokyo, Japan",298184
10781857,Meiji Seimeikan,https://www.tripadvisor.com/Attraction_Review-g14129528-d10781857-Reviews-Meiji_Seimeikan-Marunouchi_Chiyoda_Tokyo_Tokyo_Prefecture_Kanto.html?m=66827,4.2,44,,35.679035,139.76135,"2-1-1, Marunouchi, Chiyoda 100-0005 Tokyo Prefecture",Marunouchi,Tokyo Prefecture,Japan,+81 3-3283-9252,http://www.meijiyasuda.co.jp/meiji_seimeikan/index.html,,"Tokyo, Japan",298184
26551538,Remains of Wadakuramon Gate Guardhouse,https://www.tripadvisor.com/Attraction_Review-g1066443-d26551538-Reviews-Remains_of_Wadakuramon_Gate_Guardhouse-Chiyoda_Tokyo_Tokyo_Prefecture_Kanto.html?m=66827,3.0,1,,35.683426,139.76042,"3 Kokyogaien, Chiyoda 100-0002 Tokyo Prefecture",Chiyoda,Tokyo Prefecture,Japan,,,,"Tokyo, Japan",298184
26551537,Crown Prince Marriage Monument,https://www.tripadvisor.com/Attraction_Review-g1066443-d26551537-Reviews-Crown_Prince_Marriage_Monument-Chiyoda_Tokyo_Tokyo_Prefecture_Kanto.html?m=66827,3.0,1,,35.683426,139.76042,"3 Kokyogaien, Chiyoda 100-0002 Tokyo Prefecture",Chiyoda,Tokyo Prefecture,Japan,,,,"Tokyo, Japan",298184
1373711,Wadakura Fountain Park,https://www.tripadvisor.com/Attraction_Review-g1066443-d1373711-Reviews-Wadakura_Fountain_Park-Chiyoda_Tokyo_Tokyo_Prefecture_Kanto.html?m=66827,3.9,219,,35.683342,139.76079,"3-1 Kokyogaien, Chiyoda 100-0002 Tokyo Prefecture",Chiyoda,Tokyo Prefecture,Japan,+81 3-3213-0095,http://www.env.go.jp/garden/kokyogaien/1_intro/his_07.html,,"Tokyo, Japan",298184
17424115,Kikyo Gate,https://www.tripadvisor.com/Attraction_Review-g1066443-d17424115-Reviews-Kikyo_Gate-Chiyoda_Tokyo_Tokyo_Prefecture_Kanto.html?m=66827,3.8,6,,35.683926,139.75835,"1 Chiyoda, Chiyoda 100-0001 Tokyo Prefecture",Chiyoda,Tokyo Prefecture,Japan,,,,"Tokyo, Japan",298184
17424111,Sakashita Gate,https://www.tripadvisor.com/Attraction_Review-g1066443-d17424111-Reviews-Sakashita_Gate-Chiyoda_Tokyo_Tokyo_Prefecture_Kanto.html?m=66827,3.6,8,,35.682804,139.75569,"1 Chiyoda, Chiyoda 100-0001 Tokyo Prefecture",Chiyoda,Tokyo Prefecture,Japan,,,,"Tokyo, Japan",298184
8066135,Kusunoki Masashige Statue,https://www.tripadvisor.com/Attraction_Review-g1066443-d8066135-Reviews-Kusunoki_Masashige_Statue-Chiyoda_Tokyo_Tokyo_Prefecture_Kanto.html?m=66827,3.8,155,,35.677967,139.7584,"1-1 Kokyo Gaien, Chiyoda 100-0002 Tokyo Prefecture",Chiyoda,Tokyo Prefecture,Japan,,http://visit-chiyoda.tokyo,,"Tokyo, Japan",298184
12072587,Tokyo Free Guide,https://www.tripadvisor.com/Attraction_Review-g1066457-d12072587-Reviews-Tokyo_Free_Guide-Shinjuku_Tokyo_Tokyo_Prefecture_Kanto.html?m=66827,5.0,334,,35.67789,139.75856,Shinjuku Tokyo Prefecture,Shinjuku,Tokyo Prefecture,Japan,,http://www.tokyofreeguide.org/eng/,,"Tokyo, Japan",298184
13993845,Chidorigafuchi Promenade,https://www.tripadvisor.com/Attraction_Review-g1066443-d13993845-Reviews-Chidorigafuchi_Promenade-Chiyoda_Tokyo_Tokyo_Prefecture_Kanto.html?m=66827,4.2,14,,35.677868,139.75552,"1-1 Koykogaien, Chiyoda 100-0002 Tokyo Prefecture",Chiyoda,Tokyo Prefecture,Japan,+81 3-3213-0095,https://www.env.go.jp/garden/kokyogaien/news/2015/06/post_60.html,,"Tokyo, Japan",298184
26442904,Scenic Hill,https://www.tripadvisor.com/Attraction_Review-g294217-d26442904-Reviews-Scenic_Hill-Hong_Kong.html?m=66827,4.0,1,,22.308393,113.923904,"Chek Lap Kok,, Hong Kong China",Hong Kong,,China,,,,Hong Kong,7917565
624841,Ngong Ping 360,https://www.tripadvisor.com/Attraction_Review-g294217-d624841-Reviews-Ngong_Ping_360-Hong_Kong.html?m=66827,4.2,7810,,22.290277,113.93866,"11 Tat Tung Road Tung Chung, Lantau Island, Hong Kong China",Hong Kong,,China,+852 3666 0606,http://www.np360.com.hk/,,Hong Kong,7917565
15289536,Hong Kong-Zhuhai-Macao Bridge,https://www.tripadvisor.com/Attraction_Review-g294217-d15289536-Reviews-Hong_Kong_Zhuhai_Macao_Bridge-Hong_Kong.html?m=66827,4.2,165,,22.28868,113.89754,Hong Kong China,Hong Kong,,China,+852 2860 6144,http://www.hzmb.gov.hk,,Hong Kong,7917565
11759541,Eardley Flower by Chisa,https://www.tripadvisor.com/Attraction_Review-g294217-d11759541-Reviews-Eardley_Flower_by_Chisa-Hong_Kong.html?m=66827,,0,,22.291523,113.94356,"Tung Chung, Hong Kong China",Hong Kong,,China,+852 9386 2342,http://www.flowerbychisa.com,,Hong Kong,7917565
2008060,Citygate Outlets,https://www.tripadvisor.com/Attraction_Review-g294217-d2008060-Reviews-Citygate_Outlets-Hong_Kong.html?m=66827,3.5,1025,,22.289454,113.94101,"20 Tat Tung Road, Tung Chung, Lantau, Hong Kong China",Hong Kong,,China,+852 2109 2933,http://www.citygateoutlets.com.hk,,Hong Kong,7917565
10519569,Fu Tung Plaza,https://www.tripadvisor.com/Attraction_Review-g294217-d10519569-Reviews-Fu_Tung_Plaza-Hong_Kong.html?m=66827,3.6,19,,22.288471,113.94229,"No.6 Fu Tung Road, Tung Chung, Hong Kong 999077 China",Hong Kong,,China,+852 3977 4682,http://www.linkhk.com/tc/shopCentre/ftgxc2,,Hong Kong,7917565
26709676,Goods of Desire - Hong Kong International Airport 2,https://www.tripadvisor.com/Attraction_Review-g294217-d26709676-Reviews-Goods_of_Desire_Hong_Kong_International_Airport_2-Hong_Kong.html?m=66827,4.0,1,,22.312965,113.92707,"Shop 6W506, West Hall, Restricted Area (near gate no. 60), Hong Kong International Airport, Lantau, Hong Kong, Hong Kong China",Hong Kong,,China,+852 2323 9233,,,Hong Kong,7917565
25161890,Tea WG Boutique at Hong Kong International Airport,https://www.tripadvisor.com/Attraction_Review-g294217-d25161890-Reviews-Tea_WG_Boutique_at_Hong_Kong_International_Airport-Hong_Kong.html?m=66827,,0,,22.314861,113.933945,"Shop 6E167A, After Departures, East Hall, Departures Level , Terminal 1, Chek Lap Kok Hong Kong International Airport, Hong Kong China",Hong Kong,,China,+852 2638 8633,https://teawg.com/international-airport.html,,Hong Kong,7917565
25180775,Chase Sapphire Lounge,https://www.tripadvisor.com/Attraction_Review-g294217-d25180775-Reviews-Chase_Sapphire_Lounge-Hong_Kong.html?m=66827,4.1,28,,22.314972,113.934006,"Hong Kong International Airport Terminal 1, Near Gate 40, Hong Kong China",Hong Kong,,China,+852 2123 1483,https://www.prioritypass.com/en/lounges/hong-kong-sar/hong-kong-chek-lap-kok-intl/hkg13-chase-sapphire-lounge-by-the-club,,Hong Kong,7917565
26709655,Goods of Desire - Hong Kong International Airport 1,https://www.tripadvisor.com/Attraction_Review-g294217-d26709655-Reviews-Goods_of_Desire_Hong_Kong_International_Airport_1-Hong_Kong.html?m=66827,,0,,22.314972,113.934006,"Shop 6S505, Restricted Area in Terminal 1 (near gate no. 2), Hong Kong International Airport, Lantau, Hong Kong, Hong Kong China",Hong Kong,,China,+852 2698 8629,,,Hong Kong,7917565
32978150,Cue 8 Billiards,https://www.tripadvisor.com/Attraction_Review-g294265-d32978150-Reviews-Cue_8_Billiards-Singapore.html?m=66827,,0,,1.289149,103.84671,"6 Eu Tong Sen Street #04-85 Clarke Quay Central, Singapore 059817 Singapore",Singapore,,Singapore,+65 6322 7857,https://www.facebook.com/cue8billiards,,Singapore,2146391
2344540,GX-5 Extreme Swing,https://www.tripadvisor.com/Attraction_Review-g294265-d2344540-Reviews-GX_5_Extreme_Swing-Singapore.html?m=66827,4.3,46,,1.290391,103.84703,"3E River Valley Road Block E Clarke Quay, Singapore 179024 Singapore",Singapore,,Singapore,+65 9755 3310,https://slingshot.sg/gx5-extreme-swing/,,Singapore,2146391
13007753,The Joy Of Toys,https://www.tripadvisor.com/Attraction_Review-g294265-d13007753-Reviews-The_Joy_Of_Toys-Singapore.html?m=66827,4.5,13,,1.289171,103.84688,"6 Eu Tong Sen Street The Central #03-51 Clarke Quay Central, Singapore 059817 Singapore",Singapore,,Singapore,+65 9007 4679,http://joyoftoys.com.sg,,Singapore,2146391
25394979,Queen Ginya,https://www.tripadvisor.com/Attraction_Review-g294265-d25394979-Reviews-Queen_Ginya-Singapore.html?m=66827,,0,,1.289146,103.84672,"6 Eu Tong Sen St, The Central, Floor 4 Unit 75 The Central, Singapore 059817 Singapore",Singapore,,Singapore,+65 6225 6900,https://www.queenginya.com,,Singapore,2146391
26612200,The Face Place,https://www.tripadvisor.com/Attraction_Review-g294265-d26612200-Reviews-The_Face_Place-Singapore.html?m=66827,5.0,4,,1.289114,103.846664,"The Central,8 Eu Tong Sen Street Right above Clarke Quay MRT station, Singapore 059817 Singapore",Singapore,,Singapore,+65 8233 1723,http://thefaceplacesg.com,,Singapore,2146391
1892446,Clarke Quay Central,https://www.tripadvisor.com/Attraction_Review-g294265-d1892446-Reviews-Clarke_Quay_Central-Singapore.html?m=66827,3.9,174,,1.289095,103.84658,"6 Eu Tong Sen Street The Central, Singapore 059817 Singapore",Singapore,,Singapore,+65 6532 9922,http://www.thecentral.com.sg,,Singapore,2146391
28249102,Cocktail Office,https://www.tripadvisor.com/Attraction_Review-g294265-d28249102-Reviews-Cocktail_Office-Singapore.html?m=66827,,0,,1.289054,103.84701,"The Central @ Clarke Quay Soho 1 #12-04, Singapore 059817 Singapore",Singapore,,Singapore,+65 8779 4569,https://www.facebook.com/people/Cocktail-Office/100092607656831/,,Singapore,2146391
9459120,East Silk Palace,https://www.tripadvisor.com/Attraction_Review-g294265-d9459120-Reviews-East_Silk_Palace-Singapore.html?m=66827,,0,,1.28888,103.84697,"6 Eu Tong Sen Street #01-41 the Central, Singapore 059817 Singapore",Singapore,,Singapore,+65 9072 1860,http://applesports.shop/pages/about-us,,Singapore,2146391
941492,GX5 Extreme Swing,https://www.tripadvisor.com/Attraction_Review-g294265-d941492-Reviews-GX5_Extreme_Swing-Singapore.html?m=66827,4.3,158,,1.290248,103.84704,"3E River Valley Road Clarke Quay, Singapore 179019 Singapore",Singapore,,Singapore,+65 9755 3310,https://slingshot.sg/,,Singapore,2146391
2341761,MCI and MCCY Building,https://www.tripadvisor.com/Attraction_Review-g294265-d2341761-Reviews-MCI_and_MCCY_Building-Singapore.html?m=66827,3.9,40,,1.290567,103.84817,"140 Hill Street Old Hill Street Police Station, Singapore 179369 Singapore",Singapore,,Singapore,,http://www.yoursingapore.com/content/traveller/en/browse/see-and-do/arts-and-entertainment/architecture/mica-building.html?TAHotelCode=70,,Singapore,2146391
26224113,AME Home Care,https://www.tripadvisor.com/Attraction_Review-g303506-d26224113-Reviews-AME_Home_Care-Rio_de_Janeiro_State_of_Rio_de_Janeiro.html?m=66827,,0,,-22.91301,-43.18954,"Rua Santa Clara 138 Copacabana, Rio de Janeiro, State of Rio de Janeiro Brazil",Rio de Janeiro,State of Rio de Janeiro,Brazil,,,,"Rio de Janeiro, Brazil",303506
24064493,Monumento A Masacre De Jacarezinho,https://www.tripadvisor.com/Attraction_Review-g303506-d24064493-Reviews-Monumento_A_Masacre_De_Jacarezinho-Rio_de_Janeiro_State_of_Rio_de_Janeiro.html?m=66827,,0,,-22.91301,-43.18954,"Rua Rio de Janeiro Jacarezinho, Rio de Janeiro, State of Rio de Janeiro 21825-435 Brazil",Rio de Janeiro,State of Rio de Janeiro,Brazil,,,,"Rio de Janeiro, Brazil",303506
23959860,Produtos Do Bem,https://www.tripadvisor.com/Attraction_Review-g303506-d23959860-Reviews-Produtos_Do_Bem-Rio_de_Janeiro_State_of_Rio_de_Janeiro.html?m=66827,,0,,-22.91301,-43.18954,"Aeroporto Santos Dumont 2 Piso, Rio de Janeiro, State of Rio de Janeiro Brazil",Rio de Janeiro,State of Rio de Janeiro,Brazil,,,,"Rio de Janeiro, Brazil",303506
24020134,Camarote Arpoador,https://www.tripadvisor.com/Attraction_Review-g303506-d24020134-Reviews-Camarote_Arpoador-Rio_de_Janeiro_State_of_Rio_de_Janeiro.html?m=66827,1.0,1,,-22.91301,-43.18954,"Avenida Marques De Sapucai, Sambodramo Rj, Rio de Janeiro, State of Rio de Janeiro Brazil",Rio de Janeiro,State of Rio de Janeiro,Brazil,,,,"Rio de Janeiro, Brazil",303506
33302394,Insight Architecture,https://www.tripadvisor.com/Attraction_Review-g303506-d33302394-Reviews-Insight_Architecture-Rio_de_Janeiro_State_of_Rio_de_Janeiro.html?m=66827,5.0,2,,-22.91301,-43.18954,"Rio de Janeiro, State of Rio de Janeiro Brazil",Rio de Janeiro,State of Rio de Janeiro,Brazil,,http://insight-architecture.com,,"Rio de Janeiro, Brazil",303506
27421950,Rebecca Miller Tour,https://www.tripadvisor.com/Attraction_Review-g303506-d27421950-Reviews-Rebecca_Miller_Tour-Rio_de_Janeiro_State_of_Rio_de_Janeiro.html?m=66827,,0,,-22.91301,-43.18954,"Rio de Janeiro, State of Rio de Janeiro Brazil",Rio de Janeiro,State of Rio de Janeiro,Brazil,,https://www.instagram.com/rebeccamillertour?igsh=MWpjbWM4eWF4Zmxmaw%3D%3D,,"Rio de Janeiro, Brazil",303506
25243150,Fly Over,https://www.tripadvisor.com/Attraction_Review-g303506-d25243150-Reviews-Fly_Over-Rio_de_Janeiro_State_of_Rio_de_Janeiro.html?m=66827,,0,,-22.91301,-43.18954,"Ave Ayrton Senna 2541 Rua D , Hangar 38, Rio de Janeiro, State of Rio de Janeiro 22775-002 Brazil",Rio de Janeiro,State of Rio de Janeiro,Brazil,+55 21 98383-4278,https://flyoverrj.com.br/,,"Rio de Janeiro, Brazil",303506
28153339,Guia de Turismo Renan Trips,https://www.tripadvisor.com/Attraction_Review-g303506-d28153339-Reviews-Guia_de_Turismo_Renan_Trips-Rio_de_Janeiro_State_of_Rio_de_Janeiro.html?m=66827,5.0,2,,-22.91301,-43.18954,"Rio de Janeiro, State of Rio de Janeiro 22410-003 Brazil",Rio de Janeiro,State of Rio de Janeiro,Brazil,+5521990655853,http://linktr.ee/renantrips,,"Rio de Janeiro, Brazil",303506
33220802,Catharina EmanuelleTour Guide,https://www.tripadvisor.com/Attraction_Review-g303506-d33220802-Reviews-Catharina_EmanuelleTour_Guide-Rio_de_Janeiro_State_of_Rio_de_Janeiro.html?m=66827,,0,,-22.91301,-43.18954,"Rio de Janeiro, State of Rio de Janeiro Brazil",Rio de Janeiro,State of Rio de Janeiro,Brazil,+5521993476493,https://www.instagram.com/catharinatourguide,,"Rio de Janeiro, Brazil",303506
26530272,Vivaz Tours,https://www.tripadvisor.com/Attraction_Review-g303506-d26530272-Reviews-Vivaz_Tours-Rio_de_Janeiro_State_of_Rio_de_Janeiro.html?m=66827,,0,,-22.91301,-43.18954,"Rio de Janeiro, State of Rio de Janeiro Brazil",Rio de Janeiro,State of Rio de Janeiro,Brazil,+55 21 99400-1648,https://instagram.com/vivaz_tours?igshid=mzrlodbinwflza==,,"Rio de Janeiro, Brazil",303506
28323038,Tom And Folks,https://www.tripadvisor.com/Attraction_Review-g187147-d28323038-Reviews-Tom_And_Folks-Paris_Ile_de_France.html?m=66827,,0,,48.857086,2.349408,"4 Rue Saint-martin, 75004 Paris France",Paris,,France,,https://www.tomandfolks.com/,,"Paris, France",187147
27990758,Disneyland Paris Transfer,https://www.tripadvisor.com/Attraction_Review-g187147-d27990758-Reviews-Disneyland_Paris_Transfer-Paris_Ile_de_France.html?m=66827,,0,,48.857037,2.349401,Paris France,Paris,,France,+33 7 45 18 21 15,https://www.disneylandparistransfer.com,,"Paris, France",187147
26223410,Promenade Maurice Careme,https://www.tripadvisor.com/Attraction_Review-g187147-d26223410-Reviews-Promenade_Maurice_Careme-Paris_Ile_de_France.html?m=66827,5.0,1,,48.857037,2.349401,"Promenade Maurice Careme, 75004 Paris France",Paris,,France,,,,"Paris, France",187147
26262574,Quai De Conti,https://www.tripadvisor.com/Attraction_Review-g187147-d26262574-Reviews-Quai_De_Conti-Paris_Ile_de_France.html?m=66827,5.0,1,,48.857037,2.349401,"Quai De Conti, 75006 Paris France",Paris,,France,,,,"Paris, France",187147
25575209,Grandes Carrieres District,https://www.tripadvisor.com/Attraction_Review-g187147-d25575209-Reviews-Grandes_Carrieres_District-Paris_Ile_de_France.html?m=66827,5.0,1,,48.857037,2.349401,"Rue Des Abbesses, 75018 Paris France",Paris,,France,,,,"Paris, France",187147
26266831,Place Charles De Gaulle,https://www.tripadvisor.com/Attraction_Review-g187147-d26266831-Reviews-Place_Charles_De_Gaulle-Paris_Ile_de_France.html?m=66827,5.0,5,,48.857037,2.349401,"Place Charles de Gaulle, 92700 Paris France",Paris,,France,+33 1 47 60 80 48,https://www.facebook.com/130623240333491,,"Paris, France",187147
32989590,Citymove Paris,https://www.tripadvisor.com/Attraction_Review-g187147-d32989590-Reviews-Citymove_Paris-Paris_Ile_de_France.html?m=66827,,0,,48.857037,2.349401,Paris France,Paris,,France,,,,"Paris, France",187147
25374868,Sba Transfer,https://www.tripadvisor.com/Attraction_Review-g187147-d25374868-Reviews-Sba_Transfer-Paris_Ile_de_France.html?m=66827,5.0,4,,48.857037,2.349401,"49 bd Raspail, 75006 Paris France",Paris,,France,+33 6 60 54 11 60,https://en.sba-transfer.com/,,"Paris, France",187147
26128397,Place De L'Opera,https://www.tripadvisor.com/Attraction_Review-g187147-d26128397-Reviews-Place_De_L_Opera-Paris_Ile_de_France.html?m=66827,5.0,2,,48.857037,2.349401,"Place De L'Opera, 75009 Paris France",Paris,,France,,,,"Paris, France",187147
33345623,Undercover Paris,https://www.tripadvisor.com/Attraction_Review-g187147-d33345623-Reviews-Undercover_Paris-Paris_Ile_de_France.html?m=66827,,0,,48.857037,2.349401,Paris France,Paris,,France,+33 6 52 82 49 23,https://undercoverparis.com/,,"Paris, France",187147
25969602,Red fox tours,https://www.tripadvisor.com/Attraction_Review-g187497-d25969602-Reviews-Red_fox_tours-Barcelona_Catalonia.html?m=66827,5.0,2,,41.385597,2.169576,"C/ de Sant Pere Mes Alt, 57, 08003 Barcelona Spain",Barcelona,Province of Barcelona,Spain,+34 605 20 17 73,https://www.red-fox-tours.com/,,"Barcelona, Spain",187497
25215431,Casa Del Guarda,https://www.tripadvisor.com/Attraction_Review-g187497-d25215431-Reviews-Casa_Del_Guarda-Barcelona_Catalonia.html?m=66827,5.0,1,,41.385597,2.169576,"Carrer d'Olot, 08024 Barcelona Spain",Barcelona,Province of Barcelona,Spain,+34 932 85 68 36,https://www.barcelona.cat/museuhistoria/en/muhba-park-guell/49-casa-del-guarda-and-gaudis-architecture,,"Barcelona, Spain",187497
25556275,Farola Avinguda Gaudi,https://www.tripadvisor.com/Attraction_Review-g187497-d25556275-Reviews-Farola_Avinguda_Gaudi-Barcelona_Catalonia.html?m=66827,4.0,1,,41.385597,2.169576,"Avinguda de Gaudi, 08025 Barcelona Spain",Barcelona,Province of Barcelona,Spain,,,,"Barcelona, Spain",187497
25556273,Fuente Monumental de la Avenida Gaudi,https://www.tripadvisor.com/Attraction_Review-g187497-d25556273-Reviews-Fuente_Monumental_de_la_Avenida_Gaudi-Barcelona_Catalonia.html?m=66827,4.0,2,,41.385597,2.169576,"Avinguda de Gaudi, 08025 Barcelona Spain",Barcelona,Province of Barcelona,Spain,,,,"Barcelona, Spain",187497
25556270,Avinguda de Gaudi,https://www.tripadvisor.com/Attraction_Review-g187497-d25556270-Reviews-Avinguda_de_Gaudi-Barcelona_Catalonia.html?m=66827,,0,,41.385597,2.169576,"Avinguda de Gaudi, 08025 Barcelona Spain",Barcelona,Province of Barcelona,Spain,,,,"Barcelona, Spain",187497
28002869,Mount Tibidabo,https://www.tripadvisor.com/Attraction_Review-g187497-d28002869-Reviews-Mount_Tibidabo-Barcelona_Catalonia.html?m=66827,4.0,1,,41.385597,2.169576,"Ctra. de Vallvidrera al Tibidabo, 08035 Barcelona Spain",Barcelona,Province of Barcelona,Spain,,,,"Barcelona, Spain",187497
23759219,Siempre Marruecos tours,https://www.tripadvisor.com/Attraction_Review-g187497-d23759219-Reviews-Siempre_Marruecos_tours-Barcelona_Catalonia.html?m=66827,,0,,41.385597,2.169576,Barcelona Spain,Barcelona,Province of Barcelona,Spain,,http://siempremarruecostours.com,,"Barcelona, Spain",187497
25571415,Monumento a Maria Fortuny,https://www.tripadvisor.com/Attraction_Review-g187497-d25571415-Reviews-Monumento_a_Maria_Fortuny-Barcelona_Catalonia.html?m=66827,3.0,1,,41.385597,2.169576,"Carrer del Pintor Fortuny,, Barcelona Spain",Barcelona,Province of Barcelona,Spain,,,,"Barcelona, Spain",187497
25369825,Parc Esportiu Urba La Marina,https://www.tripadvisor.com/Attraction_Review-g187497-d25369825-Reviews-Parc_Esportiu_Urba_La_Marina-Barcelona_Catalonia.html?m=66827,4.0,1,,41.385597,2.169576,"Placa del Moviment Obrer Sants - Montjuïc, Barcelona Spain",Barcelona,Province of Barcelona,Spain,,,,"Barcelona, Spain",187497
25571414,La Barca de Gabriel Alabert,https://www.tripadvisor.com/Attraction_Review-g187497-d25571414-Reviews-La_Barca_de_Gabriel_Alabert-Barcelona_Catalonia.html?m=66827,3.0,1,,41.385597,2.169576,"Placa de Vicenc Martorell, 08001 Barcelona Spain",Barcelona,Province of Barcelona,Spain,,,,"Barcelona, Spain",187497
33345521,Arcibasilica Papale di  di San Giovanni in Laterano,https://www.tripadvisor.com/Attraction_Review-g187791-d33345521-Reviews-Arcibasilica_Papale_di_di_San_Giovanni_in_Laterano-Rome_Lazio.html?m=66827,,0,,41.893623,12.495978,"P.za. San Giovanni In Laterano, 00184 Rome Italy",Rome,,Italy,+39 06 6988 6433,,,"Rome, Italy",187791
26837121,Antonio Micocci,https://www.tripadvisor.com/Attraction_Review-g187791-d26837121-Reviews-Antonio_Micocci-Rome_Lazio.html?m=66827,5.0,16,,41.89265,12.496063,"Via Collina 16, Rome Italy",Rome,,Italy,,,,"Rome, Italy",187791
246137,Parco di Colle Oppio,https://www.tripadvisor.com/Attraction_Review-g187791-d246137-Reviews-Parco_di_Colle_Oppio-Rome_Lazio.html?m=66827,3.4,379,,41.891933,12.496093,"Vle del Monte Oppio, 00184 Rome Italy",Rome,,Italy,+39 06 0606,http://www.sovraintendenzaroma.it/i_luoghi/ville_e_parchi_storici/passeggiate_parchi_e_giardini/parco_del_colle_oppio,,"Rome, Italy",187791
27108759,Shirat Ha-Yam Synagogue,https://www.tripadvisor.com/Attraction_Review-g799531-d27108759-Reviews-Shirat_Ha_Yam_Synagogue-Lido_di_Ostia_Province_of_Rome_Lazio.html?m=66827,,0,,41.893623,12.495978,"Via Oletta 20, 00122 Lido di Ostia Italy",Lido di Ostia,Province of Rome,Italy,+39 06 9028 8430,http://www.romaebraica.it/en/synagogues/,,"Rome, Italy",187791
33345824,Basilica Of St. Sebastian Outside The Walls,https://www.tripadvisor.com/Attraction_Review-g187791-d33345824-Reviews-Basilica_Of_St_Sebastian_Outside_The_Walls-Rome_Lazio.html?m=66827,,0,,41.893623,12.495978,"Via Appia Antica, 136, 00179 Rome Italy",Rome,,Italy,+39 06 4543 0260,https://www.sansebastianofuorilemura.org/,,"Rome, Italy",187791
26399811,Brandy Melville Rome,https://www.tripadvisor.com/Attraction_Review-g187791-d26399811-Reviews-Brandy_Melville_Rome-Rome_Lazio.html?m=66827,1.0,1,,41.893623,12.495978,"Via del Corso 435, 00187 Rome Italy",Rome,,Italy,+39 06 6880 7250,https://us.brandymelville.com/,,"Rome, Italy",187791
28584445,LaraPi Photo - Tour Fotografico,https://www.tripadvisor.com/Attraction_Review-g187791-d28584445-Reviews-LaraPi_Photo_Tour_Fotografico-Rome_Lazio.html?m=66827,,0,,41.893623,12.495978,Rome Italy,Rome,,Italy,+39 347 505 3875,http://www.larapiphoto.com,,"Rome, Italy",187791
32729125,Lucas Travel World,https://www.tripadvisor.com/Attraction_Review-g187791-d32729125-Reviews-Lucas_Travel_World-Rome_Lazio.html?m=66827,,0,,41.893623,12.495978,Rome Italy,Rome,,Italy,+39 345 085 2627,https://www.lucastravelworld.com,,"Rome, Italy",187791
33345599,Kenya Safari Lion,https://www.tripadvisor.com/Attraction_Review-g187791-d33345599-Reviews-Kenya_Safari_Lion-Rome_Lazio.html?m=66827,,0,,41.893883,12.494727,Rome Italy,Rome,,Italy,+39 388 344 6712,https://www.instagram.com/kenya.safari.lion?igsh=mtgzahzhoghkcddwma==,,"Rome, Italy",187791
12865563,Chiesa di Santa Lucia in Selci,https://www.tripadvisor.com/Attraction_Review-g187791-d12865563-Reviews-Chiesa_di_Santa_Lucia_in_Selci-Rome_Lazio.html?m=66827,3.0,2,,41.89467,12.49601,"Via in Selci 82, 00184 Rome Italy",Rome,,Italy,,,,"Rome, Italy",187791
25217933,Sydney Up Close Tours,https://www.tripadvisor.com/Attraction_Review-g255060-d25217933-Reviews-Sydney_Up_Close_Tours-Sydney_New_South_Wales.html?m=66827,,0,,-33.870037,151.20955,"42 Clontarf St Seaforth, Sydney, New South Wales 2092 Australia",Sydney,New South Wales,Australia,,https://sydneyupclose.com/,,"Sydney, Australia",255060
23890958,Yurrabirong Sculpture,https://www.tripadvisor.com/Attraction_Review-g255060-d23890958-Reviews-Yurrabirong_Sculpture-Sydney_New_South_Wales.html?m=66827,5.0,1,,-33.870037,151.20955,"Mrs Macquaries Road, Sydney, New South Wales 2000 Australia",Sydney,New South Wales,Australia,+61 2 9231 8111,http://www.rbgsyd.nsw.gov.au/visit/map#/tourstep/125,,"Sydney, Australia",255060
25248950,The Big Bicycle,https://www.tripadvisor.com/Attraction_Review-g2034315-d25248950-Reviews-The_Big_Bicycle-Chullora_Bankstown_Greater_Sydney_New_South_Wales.html?m=66827,3.5,2,,-33.870037,151.20955,"Muir Road Chullora, Nsw, Chullora, Bankstown, New South Wales 2190 Australia",Chullora,New South Wales,Australia,,https://landofthebigs.com/the-big-bicycle-chullora-nsw/,,"Sydney, Australia",255060
23640324,Sydney Beach Club,https://www.tripadvisor.com/Attraction_Review-g255060-d23640324-Reviews-Sydney_Beach_Club-Sydney_New_South_Wales.html?m=66827,,0,,-33.870037,151.20955,"El I Bath Street, Sydney, New South Wales Australia",Sydney,New South Wales,Australia,,http://www.skissr.com,,"Sydney, Australia",255060
26552037,Jurassic World: The Exhibition,https://www.tripadvisor.com/Attraction_Review-g3323314-d26552037-Reviews-Jurassic_World_The_Exhibition-Sydney_Olympic_Park_Auburn_Greater_Sydney_New_Sou.html?m=66827,3.5,2,,-33.870037,151.20955,"Olympic Blvd, Sydney Olympic Park, Auburn, New South Wales 2127 Australia",Sydney Olympic Park,New South Wales,Australia,+61 416 122 553,http://www.jurassicworldexhibition.com.au,,"Sydney, Australia",255060
23378320,Cantina OK!,https://www.tripadvisor.com/Attraction_Review-g255060-d23378320-Reviews-Cantina_OK-Sydney_New_South_Wales.html?m=66827,4.3,12,,-33.870037,151.20955,"Council Pl, Sydney Nsw 2000, Sydney, New South Wales 2000 Australia",Sydney,New South Wales,Australia,,http://www.muchogroup.com.au/cantinaok,,"Sydney, Australia",255060
25349971,American Express Centurion Lounge Sydney Airport,https://www.tripadvisor.com/Attraction_Review-g255060-d25349971-Reviews-American_Express_Centurion_Lounge_Sydney_Airport-Sydney_New_South_Wales.html?m=66827,2.9,32,,-33.870037,151.20955,"International airport, Sydney, New South Wales Australia",Sydney,New South Wales,Australia,,,,"Sydney, Australia",255060
26310808,Harold Park,https://www.tripadvisor.com/Attraction_Review-g255060-d26310808-Reviews-Harold_Park-Sydney_New_South_Wales.html?m=66827,,0,,-33.870037,151.20955,"Ross St, Frest Lodge, Sydney, New South Wales Australia",Sydney,New South Wales,Australia,,,,"Sydney, Australia",255060
25218827,Sydney Up Close Vip Tours,https://www.tripadvisor.com/Attraction_Review-g255060-d25218827-Reviews-Sydney_Up_Close_Vip_Tours-Sydney_New_South_Wales.html?m=66827,,0,,-33.870037,151.20955,"Cumberland Street, Sydney, New South Wales Australia",Sydney,New South Wales,Australia,,https://sydneyupclose.com/,,"Sydney, Australia",255060
28667101,Guided Rides Australia,https://www.tripadvisor.com/Attraction_Review-g26998995-d28667101-Reviews-Guided_Rides_Australia-Prestons_Greater_Sydney_New_South_Wales.html?m=66827,,0,,-33.870037,151.20955,"Prestons, New South Wales 2170 Australia",Prestons,New South Wales,Australia,+61 466 974 339,https://www.guidedridesaustralia.com.au/,,"Sydney, Australia",255060
25227743,Jennydolll,https://www.tripadvisor.com/Attraction_Review-g45963-d25227743-Reviews-Jennydolll-Las_Vegas_Nevada.html?m=66827,,0,,36.114304,-115.17208,"6670 S Tenaya Way, Las Vegas, NV 89113-1966",Las Vegas,Nevada,United States,+1 702-556-2356,https://www.jennydolll.com,,"Las Vegas, Nevada, USA",45963
25755807,Ranch Mediterranean Market,https://www.tripadvisor.com/Attraction_Review-g45963-d25755807-Reviews-Ranch_Mediterranean_Market-Las_Vegas_Nevada.html?m=66827,5.0,1,,36.114304,-115.17208,"2235-2239 S. Rainbow Blvd., Las Vegas, NV 89146",Las Vegas,Nevada,United States,+1 702-333-4461,http://www.ranchmediterraneanmarket.com,,"Las Vegas, Nevada, USA",45963
25325249,Put In Work Fitness & Online Coaching,https://www.tripadvisor.com/Attraction_Review-g45963-d25325249-Reviews-Put_In_Work_Fitness_Online_Coaching-Las_Vegas_Nevada.html?m=66827,,0,,36.114304,-115.17208,"3990 North Tenaya Way #120, Las Vegas, NV 89129",Las Vegas,Nevada,United States,+1 262-271-6020,https://putinworkfitness.com/,,"Las Vegas, Nevada, USA",45963
27703475,Mride,https://www.tripadvisor.com/Attraction_Review-g45963-d27703475-Reviews-Mride-Las_Vegas_Nevada.html?m=66827,,0,,36.114304,-115.17208,"Las Vegas, NV",Las Vegas,Nevada,United States,,,,"Las Vegas, Nevada, USA",45963
7930016,Grand Bazaar Shops,https://www.tripadvisor.com/Attraction_Review-g45963-d7930016-Reviews-Grand_Bazaar_Shops-Las_Vegas_Nevada.html?m=66827,3.6,177,,36.114178,-115.17202,"3635 Las Vegas Blvd S In Front of Bally's Las Vegas, Las Vegas, NV 89109-4363",Las Vegas,Nevada,United States,+1 702-736-4988,http://grandbazaarshops.com/,,"Las Vegas, Nevada, USA",45963
33679977,Puff Vegas smoke shop,https://www.tripadvisor.com/Attraction_Review-g45963-d33679977-Reviews-Puff_Vegas_smoke_shop-Las_Vegas_Nevada.html?m=66827,,0,,36.11376,-115.172134,"3649 South Las Vegas Boulevard, Las Vegas, NV 89109",Las Vegas,Nevada,United States,,,,"Las Vegas, Nevada, USA",45963
8153643,Fuel Bar,https://www.tripadvisor.com/Attraction_Review-g45963-d8153643-Reviews-Fuel_Bar-Las_Vegas_Nevada.html?m=66827,4.7,157,,36.113937,-115.17194,"3643 Las Vegas Blvd S Suite 511, Las Vegas, NV 89109-4369",Las Vegas,Nevada,United States,+1 702-580-8029,http://fuelbarvegas.com/,,"Las Vegas, Nevada, USA",45963
11444817,Taste Buzz Food Tours,https://www.tripadvisor.com/Attraction_Review-g45963-d11444817-Reviews-Taste_Buzz_Food_Tours-Las_Vegas_Nevada.html?m=66827,4.9,1385,,36.114098,-115.17156,"707 E Fremont St Suite 2260, Las Vegas, NV 89101",Las Vegas,Nevada,United States,+1 702-909-0337,http://www.tastebuzzvegas.com,,"Las Vegas, Nevada, USA",45963
553420,Drais After Hours,https://www.tripadvisor.com/Attraction_Review-g45963-d553420-Reviews-Drais_After_Hours-Las_Vegas_Nevada.html?m=66827,4.1,123,,36.11503,-115.1722,"3595 Las Vegas Blvd S Inside the Cromwell, Las Vegas, NV 89109-8918",Las Vegas,Nevada,United States,+1 702-476-0117,http://draisgroup.com/las-vegas/afterhours/,,"Las Vegas, Nevada, USA",45963
8388404,Drai's Nightclub,https://www.tripadvisor.com/Attraction_Review-g45963-d8388404-Reviews-Drai_s_Nightclub-Las_Vegas_Nevada.html?m=66827,4.0,448,,36.114937,-115.17237,"3595 S Las Vegas Blvd, Las Vegas, NV 89109",Las Vegas,Nevada,United States,+1 702-777-3800,http://draisgroup.com/las-vegas/,,"Las Vegas, Nevada, USA",45963
8455074,Jerusalem Nights,https://www.tripadvisor.com/Attraction_Review-g293983-d8455074-Reviews-Jerusalem_Nights-Jerusalem_Jerusalem_District.html?m=66827,5.0,30,,31.780132,35.21592,"Inside Stay Inn hostel, Jerusalem 63805 Israel",Jerusalem,,Israel,+972 52-837-5031,http://www.jlmnights.com,,"Jerusalem, Israel",293983
7194024,Gatsby Cocktail Room,https://www.tripadvisor.com/Attraction_Review-g293983-d7194024-Reviews-Gatsby_Cocktail_Room-Jerusalem_Jerusalem_District.html?m=66827,4.8,321,,31.780205,35.218105,"Rehov Hillel 18, Jerusalem 9458118 Israel",Jerusalem,,Israel,+972 2-533-8992,http://www.facebook.com/GatsbyJerusalem,,"Jerusalem, Israel",293983
26726848,Pantry Packers,https://www.tripadvisor.com/Attraction_Review-g293983-d26726848-Reviews-Pantry_Packers-Jerusalem_Jerusalem_District.html?m=66827,,0,,31.78013,35.215874,"Off of Mishol Zahav Mordechi St Type in Waze: Pantry Packers, Jerusalem Israel",Jerusalem,,Israel,,http://pantrypackers.org,,"Jerusalem, Israel",293983
24133118,Ethiopian Monastery,https://www.tripadvisor.com/Attraction_Review-g293983-d24133118-Reviews-Ethiopian_Monastery-Jerusalem_Jerusalem_District.html?m=66827,4.0,2,,31.78013,35.215874,"On The Roof Of Chapel Of Saint Helena Part Of The Church Of The Holy Sepulchre, Jerusalem Israel",Jerusalem,,Israel,,,,"Jerusalem, Israel",293983
26523635,Jerusalem Wineries Visitor Center,https://www.tripadvisor.com/Attraction_Review-g293983-d26523635-Reviews-Jerusalem_Wineries_Visitor_Center-Jerusalem_Jerusalem_District.html?m=66827,5.0,1,,31.78013,35.215874,"Yemin Moshe 4 inside Mintefiore windmill, Jerusalem Israel",Jerusalem,,Israel,+972 53-952-1819,https://jerusalemwineries.co.il/visitors-center/,,"Jerusalem, Israel",293983
11828432,Chapa,https://www.tripadvisor.com/Attraction_Review-g293983-d11828432-Reviews-Chapa-Jerusalem_Jerusalem_District.html?m=66827,,0,,31.780266,35.21743,"Rehov Hillel 14, Jerusalem Israel",Jerusalem,,Israel,,http://www.facebook.com/ChapaJerusalem/,,"Jerusalem, Israel",293983
10833080,Biratenu - Jerusalem beer center,https://www.tripadvisor.com/Attraction_Review-g293983-d10833080-Reviews-Biratenu_Jerusalem_beer_center-Jerusalem_Jerusalem_District.html?m=66827,4.9,90,,31.780306,35.216423,"6 Hillel Ground floor, Jerusalem 9458106 Israel",Jerusalem,,Israel,+972 54-465-8463,https://www.biratenu.com/,,"Jerusalem, Israel",293983
25347241,Frances L. Hiatt Garden,https://www.tripadvisor.com/Attraction_Review-g293983-d25347241-Reviews-Frances_L_Hiatt_Garden-Jerusalem_Jerusalem_District.html?m=66827,,0,,31.780642,35.216007,"City Center, Opposite 25, King George St., Jerusalem Israel",Jerusalem,,Israel,,https://jerusalemfoundation.org/old-project/frances-l-hiatt-garden/,,"Jerusalem, Israel",293983
33962024,Israel Tours 4U,https://www.tripadvisor.com/Attraction_Review-g293983-d33962024-Reviews-Israel_Tours_4U-Jerusalem_Jerusalem_District.html?m=66827,5.0,1,,31.780703,35.21639,Jerusalem Israel,Jerusalem,,Israel,+972544989527,https://www.israelguide100.com/,,"Jerusalem, Israel",293983
33962023,Israel Tours 4U,https://www.tripadvisor.com/Attraction_Review-g293983-d33962023-Reviews-Israel_Tours_4U-Jerusalem_Jerusalem_District.html?m=66827,,0,,31.780703,35.21639,Jerusalem Israel,Jerusalem,,Israel,+972544989527,https://zattarz.wixsite.com/israel-tour-guide,,"Jerusalem, Israel",293983
27531238,Wicked Bikes,https://www.tripadvisor.com/Attraction_Review-g186338-d27531238-Reviews-Wicked_Bikes-London_England.html?m=66827,,0,,51.51924,-0.096654,"East Bay Lane Units 1-28 Echo Building, London E15 2SJ England",London,,United Kingdom,+44 7473 672736,http://www.wickedbikerepair.com,,"London, UK",186338
27131458,Barbican,https://www.tripadvisor.com/Attraction_Review-g186338-d27131458-Reviews-Barbican-London_England.html?m=66827,4.0,2,,51.519028,-0.096001,"Thomasmore House Garden, London England",London,,United Kingdom,+44 7818 597059,,,"London, UK",186338
26267676,Barbican Theatre,https://www.tripadvisor.com/Attraction_Review-g186338-d26267676-Reviews-Barbican_Theatre-London_England.html?m=66827,4.2,11,,51.51891,-0.095414,"Barbican, London, London England",London,,United Kingdom,,,,"London, UK",186338
24967381,Moorgate Tube Station,https://www.tripadvisor.com/Attraction_Review-g186338-d24967381-Reviews-Moorgate_Tube_Station-London_England.html?m=66827,5.0,2,,51.518616,-0.08857,"45 Moorfields, London EC2Y 9AE England",London,,United Kingdom,,https://www.ltmuseum.co.uk/whats-on/hidden-london/moorgate,,"London, UK",186338
5916804,Rack and Tenter,https://www.tripadvisor.com/Attraction_Review-g186338-d5916804-Reviews-Rack_and_Tenter-London_England.html?m=66827,4.5,191,,51.519386,-0.089314,"45 Moorfields, London EC2Y 9AE England",London,,United Kingdom,+44 20 7628 3675,http://www.rackandtenterpub.co.uk,,"London, UK",186338
12128247,Barbican Cinema 1,https://www.tripadvisor.com/Attraction_Review-g186338-d12128247-Reviews-Barbican_Cinema_1-London_England.html?m=66827,4.3,3,,51.5198,-0.093177,"Silk Street Barbican Centre, London EC2Y 8DS England",London,,United Kingdom,+44 20 7638 8891,,,"London, UK",186338
19784171,Barbican Conservatory,https://www.tripadvisor.com/Attraction_Review-g186338-d19784171-Reviews-Barbican_Conservatory-London_England.html?m=66827,4.2,44,,51.51993,-0.092946,"Silk Street Barbican Centre, London EC2Y 8DS England",London,,United Kingdom,+44 20 7870 2500,https://www.barbican.org.uk/whats-on/2019/event/visit-the-conservatory,,"London, UK",186338
26267994,"A Strange Loop, Barbican. London",https://www.tripadvisor.com/Attraction_Review-g186338-d26267994-Reviews-A_Strange_Loop_Barbican_London-London_England.html?m=66827,,0,,51.520206,-0.093786,"The Barbican, London England",London,,United Kingdom,,,,"London, UK",186338
5964455,Barbican Cinemas 2&3,https://www.tripadvisor.com/Attraction_Review-g186338-d5964455-Reviews-Barbican_Cinemas_2_3-London_England.html?m=66827,4.1,13,,51.52049,-0.09508,"Beech St, London EC2Y 8AE England",London,,United Kingdom,,http://www.barbican.org.uk/film/new-cinemas,,"London, UK",186338
553600,Barbican Centre,https://www.tripadvisor.com/Attraction_Review-g186338-d553600-Reviews-Barbican_Centre-London_England.html?m=66827,4.2,1704,,51.520206,-0.093787,"Silk Street, London EC2Y 8DS England",London,,United Kingdom,+44 20 7638 8891,https://www.facebook.com/BarbicanCentre,,"London, UK",186338
11804594,Tatehuari Jewelers y Galeria,https://www.tripadvisor.com/Attraction_Review-g552077-d11804594-Reviews-Tatehuari_Jewelers_y_Galeria-San_Francisco_Pacific_Coast.html?m=66827,2.7,3,,20.896852,-105.41042,"Avenida Tercer Mundo 90A, San Francisco 63729 Mexico",San Francisco,Nayarit,Mexico,+52 311 258 4490,http://www.tatehuari.com,,"San Francisco, California, USA",552077
19815725,San Pancho Management,https://www.tripadvisor.com/Attraction_Review-g445056-d19815725-Reviews-San_Pancho_Management-Sayulita_Pacific_Coast.html?m=66827,5.0,1,,20.89665,-105.40984,"Av. Tercer Mundo #70, San Francisco Bahia de Banderas, Sayulita 63729 Mexico",Sayulita,Nayarit,Mexico,+52 311 258 4207,http://www.sanpanchomanagement.com,,"San Francisco, California, USA",552077
2534161,Bikers San Pancho,https://www.tripadvisor.com/Attraction_Review-g552077-d2534161-Reviews-Bikers_San_Pancho-San_Francisco_Pacific_Coast.html?m=66827,4.8,5,,20.896732,-105.40971,"Av 3er Mundo #28-5, San Francisco 63732 Mexico",San Francisco,Nayarit,Mexico,+52 311 258 4331,http://www.facebook.com/pages/Bikers-San-Pancho/164421463652778,,"San Francisco, California, USA",552077
9986660,Mexicolate,https://www.tripadvisor.com/Attraction_Review-g552077-d9986660-Reviews-Mexicolate-San_Francisco_Pacific_Coast.html?m=66827,4.7,36,,20.89651,-105.40965,"Av. Third World # A7, San Francisco 63732 Mexico",San Francisco,Nayarit,Mexico,+52 322 136 0898,http://mexicolate.mx,,"San Francisco, California, USA",552077
7694942,"Sayulita Bird Watching Tours, West Mexico",https://www.tripadvisor.com/Attraction_Review-g445056-d7694942-Reviews-Sayulita_Bird_Watching_Tours_West_Mexico-Sayulita_Pacific_Coast.html?m=66827,5.0,108,,20.896584,-105.409355,Sayulita 63732 Mexico,Sayulita,Nayarit,Mexico,+52 322 173 4978,http://sayulitabirdwatching.com/,,"San Francisco, California, USA",552077
9727610,Hostel San Pancho Surf School,https://www.tripadvisor.com/Attraction_Review-g552077-d9727610-Reviews-Hostel_San_Pancho_Surf_School-San_Francisco_Pacific_Coast.html?m=66827,4.0,9,,20.891468,-105.406746,"Av. Tercer Muyndo N 12, San Francisco 62729 Mexico",San Francisco,Nayarit,Mexico,+52 311 258 4161,http://www.hostelsanpancho.com,,"San Francisco, California, USA",552077
5509771,San Pancho Birding Club Morning,https://www.tripadvisor.com/Attraction_Review-g552077-d5509771-Reviews-San_Pancho_Birding_Club_Morning-San_Francisco_Pacific_Coast.html?m=66827,5.0,46,,20.89204,-105.40652,"Av. Tercer Mundo 3A Col Agua Escondida, San Francisco 63729 Mexico",San Francisco,Nayarit,Mexico,+52 322 139 7242,http://www.mx-brd-trvl.com/,,"San Francisco, California, USA",552077
26129018,San Pancho Tours,https://www.tripadvisor.com/Attraction_Review-g552077-d26129018-Reviews-San_Pancho_Tours-San_Francisco_Pacific_Coast.html?m=66827,,0,,20.89771,-105.41133,"Av. Tercer Mundo, San Francisco 63729 Mexico",San Francisco,Nayarit,Mexico,+52 33 2044 5860,http://www.santopelicano.com,,"San Francisco, California, USA",552077
7757846,Entreamigos,https://www.tripadvisor.com/Attraction_Review-g552077-d7757846-Reviews-Entreamigos-San_Francisco_Pacific_Coast.html?m=66827,5.0,104,,20.89858,-105.41209,"Ave. Tercer Mundo # 12, San Francisco 63729 Mexico",San Francisco,Nayarit,Mexico,+52 1 311 258 4377,http://entreamigos.org,,"San Francisco, California, USA",552077
12373638,Moana Surf,https://www.tripadvisor.com/Attraction_Review-g1551540-d12373638-Reviews-Moana_Surf-San_Francisco_del_Rincon_Central_Mexico_and_Gulf_Coast.html?m=66827,,0,,20.899414,-105.41302,San Francisco del Rincon 63732 Mexico,San Francisco del Rincon,Guanajuato,Mexico,+52 322 136 3763,http://www.moanasurflife.com/lessons-retreats/,,"San Francisco, California, USA",552077
548966,General Staff Building,https://www.tripadvisor.com/Attraction_Review-g298507-d548966-Reviews-General_Staff_Building-St_Petersburg_Northwestern_District.html?m=66827,4.7,1159,,59.938095,30.317213,"Palace Square, St. Petersburg 191186 Russia",St. Petersburg,,Russia,+7 812 495-71-71,,,"St. Petersburg, Russia",298507
25413462,Profitable House of I. Ye. Chetchuyev,https://www.tripadvisor.com/Attraction_Review-g298507-d25413462-Reviews-Profitable_House_of_I_Ye_Chetchuyev-St_Petersburg_Northwestern_District.html?m=66827,3.0,1,,59.938026,30.317114,"B. Moskovskaya St., 16, St. Petersburg 191002 Russia",St. Petersburg,,Russia,,,,"St. Petersburg, Russia",298507
12370995,Tour Gratis Rusia,https://www.tripadvisor.com/Attraction_Review-g298507-d12370995-Reviews-Tour_Gratis_Rusia-St_Petersburg_Northwestern_District.html?m=66827,4.9,19,,59.938103,30.31733,St. Petersburg Russia,St. Petersburg,,Russia,+7 985 182-72-46,http://tourgratisrusia.com/,,"St. Petersburg, Russia",298507
12389083,Free Tour Russia,https://www.tripadvisor.com/Attraction_Review-g298507-d12389083-Reviews-Free_Tour_Russia-St_Petersburg_Northwestern_District.html?m=66827,4.5,2,,59.93811,30.31732,St. Petersburg 191186 Russia,St. Petersburg,,Russia,+(7)911185881,http://freetourrussia.com/,,"St. Petersburg, Russia",298507
2619641,St. Petersburg Printing Museum,https://www.tripadvisor.com/Attraction_Review-g298507-d2619641-Reviews-St_Petersburg_Printing_Museum-St_Petersburg_Northwestern_District.html?m=66827,4.4,35,,59.93807,30.31952,"Emb. Reki Moiki, 32, St. Petersburg 191186 Russia",St. Petersburg,,Russia,+7 812 571-02-70,http://www.spbmuseum.ru/,,"St. Petersburg, Russia",298507
25090433,Revenue House of A. A. Suvorin - Revenue House of M. P. Gau,https://www.tripadvisor.com/Attraction_Review-g298507-d25090433-Reviews-Revenue_House_of_A_A_Suvorin_Revenue_House_of_M_P_Gau-St_Petersburg_Northwestern.html?m=66827,3.0,2,,59.938347,30.320095,"Moiki Emb., 32/2, St. Petersburg 191186 Russia",St. Petersburg,,Russia,,,,"St. Petersburg, Russia",298507
25294614,Mansion of the Zhadimirovskikh,https://www.tripadvisor.com/Attraction_Review-g298507-d25294614-Reviews-Mansion_of_the_Zhadimirovskikh-St_Petersburg_Northwestern_District.html?m=66827,2.5,2,,59.93838,30.32034,"Moiki Emb., 16, St. Petersburg 191186 Russia",St. Petersburg,,Russia,,,,"St. Petersburg, Russia",298507
27461236,Kolesnitsa Slavy Sculptural Composition,https://www.tripadvisor.com/Attraction_Review-g298507-d27461236-Reviews-Kolesnitsa_Slavy_Sculptural_Composition-St_Petersburg_Northwestern_District.html?m=66827,5.0,3,,59.93856,30.317976,"Dvortsovaya Sq., 6-8, St. Petersburg 191186 Russia",St. Petersburg,,Russia,,,,"St. Petersburg, Russia",298507
11927703,Shipping Company Neptun,https://www.tripadvisor.com/Attraction_Review-g298507-d11927703-Reviews-Shipping_Company_Neptun-St_Petersburg_Northwestern_District.html?m=66827,3.0,6,,59.93902,30.3199,"River Moika Emb., 26, St. Petersburg Russia",St. Petersburg,,Russia,+7 812 924-44-52,http://neptun-boat.ru,,"St. Petersburg, Russia",298507
27120705,Nine Dragons Wall,https://www.tripadvisor.com/Attraction_Review-g298507-d27120705-Reviews-Nine_Dragons_Wall-St_Petersburg_Northwestern_District.html?m=66827,4.0,1,,59.938026,30.317114,"Liteiny Ave., 15, St. Petersburg Russia",St. Petersburg,,Russia,,,,"St. Petersburg, Russia",298507
27109794,New Years Eve Fireworks,https://www.tripadvisor.com/Attraction_Review-g187870-d27109794-Reviews-New_Years_Eve_Fireworks-Venice_Veneto.html?m=66827,5.0,1,,45.439087,12.323647,"Via Giuseppe Garibaldi, 30100 Venice Italy",Venice,Province of Venice,Italy,,,,"Venice, Italy",187870
26100922,JW Venice Spa,https://www.tripadvisor.com/Attraction_Review-g187870-d26100922-Reviews-JW_Venice_Spa-Venice_Veneto.html?m=66827,4.0,1,,45.439087,12.323647,"Sacca Sessola Laguna di, 30133 Venice Italy",Venice,Province of Venice,Italy,+39 041 852 1300,https://www.jwvenice.com/,,"Venice, Italy",187870
33067824,Ciao Italia Travel,https://www.tripadvisor.com/Attraction_Review-g187870-d33067824-Reviews-Ciao_Italia_Travel-Venice_Veneto.html?m=66827,,0,,45.439087,12.323647,Venice Italy,Venice,Province of Venice,Italy,+39 375 652 0530,http://www.ciaoitaliatravel.it,,"Venice, Italy",187870
25316498,Ponte dei Frari,https://www.tripadvisor.com/Attraction_Review-g187870-d25316498-Reviews-Ponte_dei_Frari-Venice_Veneto.html?m=66827,4.0,3,,45.439087,12.323647,"Sestiere di San Polo 45.437267517624115, 12.327165598958775, 30100 Venice Italy",Venice,Province of Venice,Italy,,,,"Venice, Italy",187870
26861343,Margherita Rossetto Ceramiche,https://www.tripadvisor.com/Attraction_Review-g187870-d26861343-Reviews-Margherita_Rossetto_Ceramiche-Venice_Veneto.html?m=66827,5.0,3,,45.43902,12.32347,"Corte Canal 659, 30135 Venice Italy",Venice,Province of Venice,Italy,,http://www.veniceramic.com/,,"Venice, Italy",187870
13326184,Cantina Da Fior,https://www.tripadvisor.com/Attraction_Review-g187870-d13326184-Reviews-Cantina_Da_Fior-Venice_Veneto.html?m=66827,5.0,2,,45.43894,12.32348,"Corte Canal, 644/A, 30135 Venice Italy",Venice,Province of Venice,Italy,,,,"Venice, Italy",187870
33348048,Andrea Izzo,https://www.tripadvisor.com/Attraction_Review-g187870-d33348048-Reviews-Andrea_Izzo-Venice_Veneto.html?m=66827,,0,,45.438152,12.324001,"San Polo 3073/g Venezia 3, 30125 Venice Italy",Venice,Province of Venice,Italy,+39 388 406 6351,https://www.instagram.com/emy_experiences_tours/?hl=it,,"Venice, Italy",187870
33348051,Emy Experiences Tours,https://www.tripadvisor.com/Attraction_Review-g187870-d33348051-Reviews-Emy_Experiences_Tours-Venice_Veneto.html?m=66827,,0,,45.438152,12.324001,"San Polo 3073/g, 30125 Venice Italy",Venice,Province of Venice,Italy,+39 388 406 6351,https://www.instagram.com/emy_experiences_tours/?hl=it,,"Venice, Italy",187870
15354799,Mare di Carta,https://www.tripadvisor.com/Attraction_Review-g187870-d15354799-Reviews-Mare_di_Carta-Venice_Veneto.html?m=66827,5.0,2,,45.43859,12.321501,"Fondamenta Dei Tolentini Santa Croce 222, 30135 Venice Italy",Venice,Province of Venice,Italy,+39 041 716304,https://www.facebook.com/maredicarta/,,"Venice, Italy",187870
12877391,Casa delle Cinque Teste,https://www.tripadvisor.com/Attraction_Review-g187870-d12877391-Reviews-Casa_delle_Cinque_Teste-Venice_Veneto.html?m=66827,4.8,6,,45.43857,12.32334,"Fondamenta Sacchere, 30125 Venice Italy",Venice,Province of Venice,Italy,,,,"Venice, Italy",187870
20324289,Shonen-ji Temple,https://www.tripadvisor.com/Attraction_Review-g298564-d20324289-Reviews-Shonen_ji_Temple-Kyoto_Kyoto_Prefecture_Kinki.html?m=66827,5.0,1,,35.007576,135.75949,"521 Ishiyacho Fushimi-ku, Kyoto 612-8319 Kyoto Prefecture",Kyoto,Kyoto Prefecture,Japan,+81 75-611-1606,http://kamasikisan.wixsite.com/syonenji,,"Kyoto, Japan",298564
20344689,Joshin-ji Temple,https://www.tripadvisor.com/Attraction_Review-g298564-d20344689-Reviews-Joshin_ji_Temple-Kyoto_Kyoto_Prefecture_Kinki.html?m=66827,,0,,35.007576,135.75949,"478 Fukakusasu Jikaibashikita, Fushimi-ku, Kyoto 612-0869 Kyoto Prefecture",Kyoto,Kyoto Prefecture,Japan,+81 75-641-6027,,,"Kyoto, Japan",298564
8309587,Ikebana Museum,https://www.tripadvisor.com/Attraction_Review-g298564-d8309587-Reviews-Ikebana_Museum-Kyoto_Kyoto_Prefecture_Kinki.html?m=66827,4.2,6,,35.008045,135.75996,"235 Rokkakudori, Higashiborain, Nishiiri, Donomaecho, Nakagyo-ku, Kyoto 604-8134 Kyoto Prefecture",Kyoto,Kyoto Prefecture,Japan,+81 75-221-2686,http://www.ikenobo.jp/ikebanaikenobo/shiryokan.html,,"Kyoto, Japan",298564
15850423,Rokkakudo Temple Heso Ishi,https://www.tripadvisor.com/Attraction_Review-g298564-d15850423-Reviews-Rokkakudo_Temple_Heso_Ishi-Kyoto_Kyoto_Prefecture_Kinki.html?m=66827,3.7,7,,35.007664,135.76021,"Donomaecho, Nakagyo-Ku, Kyoto 604-8134 Kyoto Prefecture",Kyoto,Kyoto Prefecture,Japan,+81 75-221-2686,http://www.ikenobo.jp/rokkakudo/highlight/other.html#hesoishi,,"Kyoto, Japan",298564
9582851,Rokkakudo,https://www.tripadvisor.com/Attraction_Review-g298564-d9582851-Reviews-Rokkakudo-Kyoto_Kyoto_Prefecture_Kinki.html?m=66827,4.0,243,,35.007656,135.76025,"248 Donomaecho Rokkakucho Higashinotoin Nishi Iru, Nakagyo-Ku, Kyoto 604-8134 Kyoto Prefecture",Kyoto,Kyoto Prefecture,Japan,+81 75-221-2686,http://www.ikenobo.jp/rokkakudo,,"Kyoto, Japan",298564
25376073,Meiji Emperor's Small Rest House Hongan-ji Temple Former Daikyoko,https://www.tripadvisor.com/Attraction_Review-g298564-d25376073-Reviews-Meiji_Emperor_s_Small_Rest_House_Hongan_ji_Temple_Former_Daikyoko-Kyoto_Kyoto_Pr.html?m=66827,3.0,1,,35.007576,135.75949,"Daikucho, Shimogyo-ku In front of Ryukoku University main gate, Kyoto 600-8268 Kyoto Prefecture",Kyoto,Kyoto Prefecture,Japan,,,,"Kyoto, Japan",298564
20324910,Goshin-ji Temple,https://www.tripadvisor.com/Attraction_Review-g298564-d20324910-Reviews-Goshin_ji_Temple-Kyoto_Kyoto_Prefecture_Kinki.html?m=66827,,0,,35.007576,135.75949,"713 Enokicho Fushimi-ku, Kyoto 612-8304 Kyoto Prefecture",Kyoto,Kyoto Prefecture,Japan,,,,"Kyoto, Japan",298564
26446209,Kikuya Shoten,https://www.tripadvisor.com/Attraction_Review-g298564-d26446209-Reviews-Kikuya_Shoten-Kyoto_Kyoto_Prefecture_Kinki.html?m=66827,,0,,35.007576,135.75949,"567 Katadacho, Shimogyo-ku, Kyoto 600-8067 Kyoto Prefecture",Kyoto,Kyoto Prefecture,Japan,+81 75-351-0033,https://www.kikuya-kyoto.info/,,"Kyoto, Japan",298564
27738274,Multiculti Connection,https://www.tripadvisor.com/Attraction_Review-g298564-d27738274-Reviews-Multiculti_Connection-Kyoto_Kyoto_Prefecture_Kinki.html?m=66827,,0,,35.007576,135.75949,Kyoto Kyoto Prefecture,Kyoto,Kyoto Prefecture,Japan,+81 80-6643-2578,https://www.multiculticonnection.com/,,"Kyoto, Japan",298564
20324378,Daiei-ji Temple,https://www.tripadvisor.com/Attraction_Review-g298564-d20324378-Reviews-Daiei_ji_Temple-Kyoto_Kyoto_Prefecture_Kinki.html?m=66827,3.0,1,,35.007576,135.75949,"1032 Higashidaikokucho Fushimi-ku, Kyoto 612-8336 Kyoto Prefecture",Kyoto,Kyoto Prefecture,Japan,+81 75-611-5012,,,"Kyoto, Japan",298564
27494937,Velvet Spa At The Ambiente,https://www.tripadvisor.com/Attraction_Review-g31352-d27494937-Reviews-Velvet_Spa_At_The_Ambiente-Sedona_Arizona.html?m=66827,4.7,3,,34.25515,-111.62621,"900 W State, Sedona, AZ 86336",Sedona,Arizona,United States,+1 800-405-1969,https://www.ambientesedona.com/activities/velvet-spa/,,"Grand Canyon, Arizona, USA",28924
26787821,"Bass Pro Shops Glendale, Az",https://www.tripadvisor.com/Attraction_Review-g31310-d26787821-Reviews-Bass_Pro_Shops_Glendale_Az-Phoenix_Arizona.html?m=66827,,0,,34.181953,-111.63437,"9380 W Glendale Ave, Phoenix, AZ",Phoenix,Arizona,United States,+1 623-872-6700,https://stores.basspro.com/us/az/glendale/9380-w-glendale-ave.html,,"Grand Canyon, Arizona, USA",28924
25337870,Artfully Balanced,https://www.tripadvisor.com/Attraction_Review-g4813352-d25337870-Reviews-Artfully_Balanced-Village_of_Oak_Creek_Arizona.html?m=66827,5.0,1,,34.181953,-111.63437,"Sugarloaf St, Village of Oak Creek, AZ 86351",Village of Oak Creek,Arizona,United States,+1 818-324-4634,http://www.artfullybalanced.com,,"Grand Canyon, Arizona, USA",28924
27325806,Home Grown Shuttle Guiding  Rentals,https://www.tripadvisor.com/Attraction_Review-g60950-d27325806-Reviews-Home_Grown_Shuttle_Guiding_Rentals-Tucson_Arizona.html?m=66827,5.0,2,,34.25515,-111.62621,"1001 S Park Ave, Tucson, AZ 85719",Tucson,Arizona,United States,+1 520-237-0129,https://homegrownmtb.com/,,"Grand Canyon, Arizona, USA",28924
25268478,Paseo Vista Recreation Area,https://www.tripadvisor.com/Attraction_Review-g31190-d25268478-Reviews-Paseo_Vista_Recreation_Area-Chandler_Arizona.html?m=66827,5.0,1,,34.181953,-111.63437,"3850 S Mcqueen Rd, Chandler, AZ 85286",Chandler,Arizona,United States,+1 480-782-2754,https://www.discgolfscene.com/courses/paseo_vista,,"Grand Canyon, Arizona, USA",28924
8616241,Groome Transportation,https://www.tripadvisor.com/Attraction_Review-g31310-d8616241-Reviews-Groome_Transportation-Phoenix_Arizona.html?m=66827,4.3,445,,34.236237,-111.75255,"Phoenix, AZ 86301",Phoenix,Arizona,United States,+1 928-350-8466,http://groometransportation.com/arizona,,"Grand Canyon, Arizona, USA",28924
1011318,Detours American West,https://www.tripadvisor.com/Attraction_Review-g31310-d1011318-Reviews-Detours_American_West-Phoenix_Arizona.html?m=66827,4.8,3530,,34.3,-111.700005,"Phoenix, AZ 85283",Phoenix,Arizona,United States,+1 480-633-9013,http://detoursamericanwest.com,,"Grand Canyon, Arizona, USA",28924
146443,Moro Rock Trail,https://www.tripadvisor.com/Attraction_Review-g143050-d146443-Reviews-Moro_Rock_Trail-Sequoia_and_Kings_Canyon_National_Park_California.html?m=66827,4.8,1595,,36.54532,-118.76541,"Sequoia and Kings Canyon National Park, CA 93262",Sequoia and Kings Canyon National Park,California,United States,+1 559-565-3341,http://www.nps.gov/seki/planyourvisit/gfdayhikesum.htm,,"Sequoia National Park, California, USA",143050
1178338,Sequoia Sightseeing Tours,https://www.tripadvisor.com/Attraction_Review-g143050-d1178338-Reviews-Sequoia_Sightseeing_Tours-Sequoia_and_Kings_Canyon_National_Park_California.html?m=66827,5.0,647,,36.54839,-118.76882,"Sequoia and Kings Canyon National Park, CA",Sequoia and Kings Canyon National Park,California,United States,+1 559-561-4189,http://www.sequoiatours.com,,"Sequoia National Park, California, USA",143050
8535608,Tunnel Log,https://www.tripadvisor.com/Attraction_Review-g143050-d8535608-Reviews-Tunnel_Log-Sequoia_and_Kings_Canyon_National_Park_California.html?m=66827,4.2,276,,36.5577,-118.77054,"Crescent Meadow Road, Sequoia and Kings Canyon National Park, CA 93262",Sequoia and Kings Canyon National Park,California,United States,,https://www.nps.gov/seki/faqtunnel.htm,,"Sequoia National Park, California, USA",143050
145662,Crescent Meadow Loop,https://www.tripadvisor.com/Attraction_Review-g143050-d145662-Reviews-Crescent_Meadow_Loop-Sequoia_and_Kings_Canyon_National_Park_California.html?m=66827,4.7,255,,36.557777,-118.74278,"Sequoia and Kings Canyon National Park, CA",Sequoia and Kings Canyon National Park,California,United States,,http://www.nps.gov/seki/learn/historyculture/gfmoro.htm,,"Sequoia National Park, California, USA",143050
14216633,The President Tree,https://www.tripadvisor.com/Attraction_Review-g60963-d14216633-Reviews-The_President_Tree-Three_Rivers_California.html?m=66827,4.8,25,,36.5808,-118.75075,"Three Rivers, CA 93271",Three Rivers,California,United States,,https://www.nps.gov/seki/learn/nature/largest-trees-in-world.htm,,"Sequoia National Park, California, USA",143050
23644089,Hazelwood Nature Trail,https://www.tripadvisor.com/Attraction_Review-g60963-d23644089-Reviews-Hazelwood_Nature_Trail-Three_Rivers_California.html?m=66827,5.0,1,,36.56472,-118.77272,"Generals Highway, Giant Forest Museum, Three Rivers, CA 93271",Three Rivers,California,United States,,https://www.visitsequoia.com/explore/spring-summer-fall-activities/hiking-trails,,"Sequoia National Park, California, USA",143050
20933365,Kings River,https://www.tripadvisor.com/Attraction_Review-g143050-d20933365-Reviews-Kings_River-Sequoia_and_Kings_Canyon_National_Park_California.html?m=66827,4.0,1,,36.56472,-118.77272,"Sequoia National Forest, Sequoia and Kings Canyon National Park, CA",Sequoia and Kings Canyon National Park,California,United States,,,,"Sequoia National Park, California, USA",143050
146441,Giant Forest,https://www.tripadvisor.com/Attraction_Review-g143050-d146441-Reviews-Giant_Forest-Sequoia_and_Kings_Canyon_National_Park_California.html?m=66827,4.9,1733,,36.5642,-118.77289,"Generals Hwy, Sequoia and Kings Canyon National Park, CA 93271",Sequoia and Kings Canyon National Park,California,United States,+1 559-565-3341,http://www.nps.gov/seki/planyourvisit/placestogo.htm,,"Sequoia National Park, California, USA",143050
615769,Giant Forest Museum,https://www.tripadvisor.com/Attraction_Review-g143050-d615769-Reviews-Giant_Forest_Museum-Sequoia_and_Kings_Canyon_National_Park_California.html?m=66827,4.1,371,,36.56471,-118.77294,"47050 Generals Hwy, Sequoia and Kings Canyon National Park, CA 93271-9651",Sequoia and Kings Canyon National Park,California,United States,+1 559-565-3341,http://www.nps.gov/seki/historyculture/gfgfm.htm,,"Sequoia National Park, California, USA",143050
146438,Generals Highway,https://www.tripadvisor.com/Attraction_Review-g143050-d146438-Reviews-Generals_Highway-Sequoia_and_Kings_Canyon_National_Park_California.html?m=66827,4.6,444,,36.53641,-118.78223,"Sequoia and Kings Canyon National Park, CA",Sequoia and Kings Canyon National Park,California,United States,+1 559-565-3341,http://www.nps.gov/seki/planyourvisit/placestogo.htm,,"Sequoia National Park, California, USA",143050
26446911,Southeast Exposure,https://www.tripadvisor.com/Attraction_Review-g31030-d26446911-Reviews-Southeast_Exposure-Ketchikan_Alaska.html?m=66827,5.0,2,,65.74105,-150.88628,"37 Potter Rd, Ketchikan, AK 99901",Ketchikan,Alaska,United States,+1 907-225-8829,https://www.southeastexposure.com/,,"Alaska, USA",28923
9851098,Plaza Pinto,https://www.tripadvisor.com/Attraction_Review-g488177-d9851098-Reviews-Plaza_Pinto-Los_Angeles_Biobio_Region.html?m=66827,4.3,42,,-37.476322,-72.35204,"San Martin 210, Los Angeles 0000444 Chile",Los Angeles,,Chile,,,,"Los Angeles, California, USA",488177
2021352,Gran Casino Los Angeles,https://www.tripadvisor.com/Attraction_Review-g488177-d2021352-Reviews-Gran_Casino_Los_Angeles-Los_Angeles_Biobio_Region.html?m=66827,3.7,143,,-37.46905,-72.35311,"Colo Colo 565, Los Angeles Chile",Los Angeles,,Chile,043-406500,http://www.grancasinolosangeles.cl/casino.php,,"Los Angeles, California, USA",488177
14978094,Libreria Que Leo Los Angeles,https://www.tripadvisor.com/Attraction_Review-g488177-d14978094-Reviews-Libreria_Que_Leo_Los_Angeles-Los_Angeles_Biobio_Region.html?m=66827,5.0,3,,-37.47135,-72.35534,"Los Angeles Chile Avenida Ercilla 195 Paseo Alcorta local 3, Los Angeles 4440047 Chile",Los Angeles,,Chile,+56 43 231 9967,http://www.facebook.com/QueLeoLosAngeles,,"Los Angeles, California, USA",488177
8732164,Plaza de Armas,https://www.tripadvisor.com/Attraction_Review-g488177-d8732164-Reviews-Plaza_de_Armas-Los_Angeles_Biobio_Region.html?m=66827,3.6,58,,-37.46897,-72.35902,"Colo Colo y Urenda, Los Angeles Chile",Los Angeles,,Chile,,http://www.guiadecabanias.com/los-angeles/paseos-excursiones/plaza-de-armas.html,,"Los Angeles, California, USA",488177
8858170,Laguna Esmeralda,https://www.tripadvisor.com/Attraction_Review-g488177-d8858170-Reviews-Laguna_Esmeralda-Los_Angeles_Biobio_Region.html?m=66827,3.7,57,,-37.469193,-72.35932,"Avenida Estadio, Colo Colo, Los Angeles Chile",Los Angeles,,Chile,,http://losangeles.cl,,"Los Angeles, California, USA",488177
17738439,RAFTING BIO BIO KAYAK LAS AVES,https://www.tripadvisor.com/Attraction_Review-g488177-d17738439-Reviews-RAFTING_BIO_BIO_KAYAK_LAS_AVES-Los_Angeles_Biobio_Region.html?m=66827,,0,,-37.46095,-72.36715,"Avenida Orompello 1420, Los Angeles 4440087 Chile",Los Angeles,,Chile,,,,"Los Angeles, California, USA",488177
18455087,Travel Up Adventure,https://www.tripadvisor.com/Attraction_Review-g488177-d18455087-Reviews-Travel_Up_Adventure-Los_Angeles_Biobio_Region.html?m=66827,5.0,6,,-37.4763,-72.3512,"Bernardo O'higgins 336, Los Angeles 4431366 Chile",Los Angeles,,Chile,+56 9 7377 9206,http://www.travelupadventures.com,,"Los Angeles, California, USA",488177
19095519,Plaza Memorial Martires De Antuco,https://www.tripadvisor.com/Attraction_Review-g488177-d19095519-Reviews-Plaza_Memorial_Martires_De_Antuco-Los_Angeles_Biobio_Region.html?m=66827,,0,,-37.46873,-72.33758,"Av. Alemania 701, Los Angeles 4440000 Chile",Los Angeles,,Chile,,,,"Los Angeles, California, USA",488177
8720397,Catedral de Los Angeles,https://www.tripadvisor.com/Attraction_Review-g488177-d8720397-Reviews-Catedral_de_Los_Angeles-Los_Angeles_Biobio_Region.html?m=66827,3.7,19,,-37.45948,-72.34364,"Avenida Almirante Latorre 311 Plaza de Armas, Los Angeles 4450415 Chile",Los Angeles,,Chile,+56 43 236 0682,http://www.diocesissantamariadelosangeles.cl/,,"Los Angeles, California, USA",488177
28045070,Parque Sierra Velluda,https://www.tripadvisor.com/Attraction_Review-g946292-d28045070-Reviews-Parque_Sierra_Velluda-Antuco_Biobio_Region.html?m=66827,,0,,-37.453526,-72.34049,"Ruta Q 45 Km 80,5 Camino Al Volcán Antuco Klm 80,5, Antuco Chile",Antuco,,Chile,+56 9 8684 5527,https://linktr.ee/parquesierravelluda,,"Los Angeles, California, USA",488177
23588778,Nikki's Beachhouse Boutique South Miami,https://www.tripadvisor.com/Attraction_Review-g34438-d23588778-Reviews-Nikki_s_Beachhouse_Boutique_South_Miami-Miami_Florida.html?m=66827,5.0,1,,25.781275,-80.190445,"5746 Sunset Drive, Miami, FL 33143-5316",Miami,Florida,United States,+1 305-662-7335,http://www.nikkisbeachhouse.com,,"Miami, Florida, USA",34438
26786029,Saint Andres Luxury Yachts,https://www.tripadvisor.com/Attraction_Review-g34438-d26786029-Reviews-Saint_Andres_Luxury_Yachts-Miami_Florida.html?m=66827,,0,,25.781275,-80.190445,"3660 NW 21st Street, Miami, FL 33142",Miami,Florida,United States,+1 786-896-1941,,,"Miami, Florida, USA",34438
25421834,American Airlines Admiral Club,https://www.tripadvisor.com/Attraction_Review-g34438-d25421834-Reviews-American_Airlines_Admiral_Club-Miami_Florida.html?m=66827,3.0,5,,25.781275,-80.190445,"Miami airport Miami airport North Terminal D, Miami, FL 33126",Miami,Florida,United States,+1 800-237-7971,,,"Miami, Florida, USA",34438
27660390,Durandis Group Inc,https://www.tripadvisor.com/Attraction_Review-g34438-d27660390-Reviews-Durandis_Group_Inc-Miami_Florida.html?m=66827,,0,,25.781275,-80.190445,"Miami, FL",Miami,Florida,United States,+1 307-363-2277,https://durandis-group.square.site/,,"Miami, Florida, USA",34438
27781408,Diamond Yacht Charters,https://www.tripadvisor.com/Attraction_Review-g34438-d27781408-Reviews-Diamond_Yacht_Charters-Miami_Florida.html?m=66827,,0,,25.781275,-80.190445,"Miami, FL 91791",Miami,Florida,United States,+1 305-985-8144,https://www.diamondyachtcharters.com/,,"Miami, Florida, USA",34438
33251803,Silver Crescent Fly Fishing,https://www.tripadvisor.com/Attraction_Review-g34438-d33251803-Reviews-Silver_Crescent_Fly_Fishing-Miami_Florida.html?m=66827,,0,,25.781275,-80.190445,"Miami, FL",Miami,Florida,United States,+1 305-561-2985,https://silvercrescentflyfishing.com/,,"Miami, Florida, USA",34438
28668150,Forever Luxury Rentals,https://www.tripadvisor.com/Attraction_Review-g34438-d28668150-Reviews-Forever_Luxury_Rentals-Miami_Florida.html?m=66827,,0,,25.781275,-80.190445,"Miami, FL",Miami,Florida,United States,+1 305-813-5589,https://foreverluxuryrentals.com/,,"Miami, Florida, USA",34438
25228160,Dade Heritage Trust,https://www.tripadvisor.com/Attraction_Review-g34438-d25228160-Reviews-Dade_Heritage_Trust-Miami_Florida.html?m=66827,,0,,25.781275,-80.190445,"190 SE 12th Ter, Miami, FL 33131-3204",Miami,Florida,United States,+1 305-358-9582,http://dadeheritagetrust.org,,"Miami, Florida, USA",34438
27126006,Turkish Airlines Business Class Lounge,https://www.tripadvisor.com/Attraction_Review-g34438-d27126006-Reviews-Turkish_Airlines_Business_Class_Lounge-Miami_Florida.html?m=66827,1.7,34,,25.781275,-80.190445,"Miami International Airport, Miami, FL 33142",Miami,Florida,United States,,https://www.prioritypass.com/lounges/usa/miami-fl-international/mia14-turkish-airlines-lounge,,"Miami, Florida, USA",34438
27020726,One Thousand Museum,https://www.tripadvisor.com/Attraction_Review-g34438-d27020726-Reviews-One_Thousand_Museum-Miami_Florida.html?m=66827,,0,,25.78417,-80.19008,"1000 Biscayne Blvd, Miami, FL 33132-1760",Miami,Florida,United States,+1 855-663-6873,http://www.onethousandmiami.com,,"Miami, Florida, USA",34438
8491076,Ace Luxury Transportation,https://www.tripadvisor.com/Attraction_Review-g34515-d8491076-Reviews-Ace_Luxury_Transportation-Orlando_Florida.html?m=66827,4.9,767,,28.538937,-81.393684,"Orlando, FL 32821-8256",Orlando,Florida,United States,+1 407-292-4444,http://www.AceLuxury.com,,"Orlando, Florida, USA",34515
26790113,Amazon Fulfillment Center,https://www.tripadvisor.com/Attraction_Review-g34515-d26790113-Reviews-Amazon_Fulfillment_Center-Orlando_Florida.html?m=66827,,0,,28.531824,-81.3973,"12340 Boggy Creek Rd, Orlando, FL 32824",Orlando,Florida,United States,,https://amazontours.com/na/onsite/mco1?utm_source=pd&utm_medium=fb&utm_campaign=in-person_na&utm_term=mco1&utm_content=video_text_overlay_v2&fbclid=iwar3kblbqbl0gcbr2qlel_ccvojjgmnf1-0f6ynplytdchox_q_iepzcivzs_aem_afnldjnxi00xzljgzbpmmqilfa1kw0xcxyto8ljxor6bice7nou8desj-kf8egtdihaoiaio86nrnle0htpvorla,,"Orlando, Florida, USA",34515
25409888,FunSpot America,https://www.tripadvisor.com/Attraction_Review-g34515-d25409888-Reviews-FunSpot_America-Orlando_Florida.html?m=66827,5.0,3,,28.531824,-81.3973,"FunSpot way, Orlando, FL",Orlando,Florida,United States,,,,"Orlando, Florida, USA",34515
25934777,Orlando Private Transportation,https://www.tripadvisor.com/Attraction_Review-g34515-d25934777-Reviews-Orlando_Private_Transportation-Orlando_Florida.html?m=66827,,0,,28.531824,-81.3973,"Orlando, FL",Orlando,Florida,United States,,https://brand.page/orlandoprivatetransportation,,"Orlando, Florida, USA",34515
27122405,Sky Club Orlando Airport,https://www.tripadvisor.com/Attraction_Review-g34515-d27122405-Reviews-Sky_Club_Orlando_Airport-Orlando_Florida.html?m=66827,2.0,1,,28.531824,-81.3973,"Orlando, FL",Orlando,Florida,United States,+1 800-221-1212,https://www.delta.com/us/en/delta-sky-club/locations,,"Orlando, Florida, USA",34515
25409895,FunSpot Orlando,https://www.tripadvisor.com/Attraction_Review-g34515-d25409895-Reviews-FunSpot_Orlando-Orlando_Florida.html?m=66827,5.0,21,,28.531824,-81.3973,"Funspot way, Orlando, FL",Orlando,Florida,United States,,,,"Orlando, Florida, USA",34515
8375961,Close Encounters Fishing Charters,https://www.tripadvisor.com/Attraction_Review-g34515-d8375961-Reviews-Close_Encounters_Fishing_Charters-Orlando_Florida.html?m=66827,5.0,145,,28.536926,-81.38519,"5601 Birr Ct, Orlando, FL 32809-4211",Orlando,Florida,United States,+1 407-937-8365,http://www.closeencountersfishing.com,,"Orlando, Florida, USA",34515
215449,Wells’Built Museum of African American History and Culture,https://www.tripadvisor.com/Attraction_Review-g34515-d215449-Reviews-Wells_Built_Museum_of_African_American_History_and_Culture-Orlando_Florida.html?m=66827,4.2,12,,28.538504,-81.38537,"511 W South St, Orlando, FL 32805-2761",Orlando,Florida,United States,+1 407-245-7535,http://www.wellsbuilt.org/,,"Orlando, Florida, USA",34515
2012159,Kia Center,https://www.tripadvisor.com/Attraction_Review-g34515-d2012159-Reviews-Kia_Center-Orlando_Florida.html?m=66827,4.6,2482,,28.53921,-81.38389,"400 W Church St, Orlando, FL 32801-2515",Orlando,Florida,United States,+1 407-440-7900,http://kiacenter.com,,"Orlando, Florida, USA",34515
28003549,Kia Center,https://www.tripadvisor.com/Attraction_Review-g34515-d28003549-Reviews-Kia_Center-Orlando_Florida.html?m=66827,,0,,28.53923,-81.38392,"400 W Church St Suite 200, Orlando, Florida 32801, Orlando, FL 32801",Orlando,Florida,United States,+1 407-440-7900,https://www.orlandoarena.net/,,"Orlando, Florida, USA",34515
25926756,The Cauldron,https://www.tripadvisor.com/Attraction_Review-g35805-d25926756-Reviews-The_Cauldron-Chicago_Illinois.html?m=66827,4.3,3,,41.878407,-87.62568,"1612 W Division Street, Chicago, IL 60622",Chicago,Illinois,United States,,https://thecauldron.io/chicago,,"Chicago, Illinois, USA",35805
27997789,J&S Luxury Limo,https://www.tripadvisor.com/Attraction_Review-g35805-d27997789-Reviews-J_S_Luxury_Limo-Chicago_Illinois.html?m=66827,,0,,41.878407,-87.62568,"Chicago, IL",Chicago,Illinois,United States,+1 312-900-5653,http://www.jsluxurylimo.com,,"Chicago, Illinois, USA",35805
27989954,J&S Luxury Limo,https://www.tripadvisor.com/Attraction_Review-g35805-d27989954-Reviews-J_S_Luxury_Limo-Chicago_Illinois.html?m=66827,,0,,41.878407,-87.62568,"Chicago, IL",Chicago,Illinois,United States,+1 312-900-5653,https://www.jsluxurylimo.com/,,"Chicago, Illinois, USA",35805
32880211,IQ Limousine,https://www.tripadvisor.com/Attraction_Review-g35805-d32880211-Reviews-IQ_Limousine-Chicago_Illinois.html?m=66827,5.0,2,,41.878407,-87.62568,"Chicago, IL",Chicago,Illinois,United States,+1 224-565-2483,https://www.facebook.com/iqlimousine/,,"Chicago, Illinois, USA",35805
28663513,Illinois Limo And Car Service,https://www.tripadvisor.com/Attraction_Review-g35805-d28663513-Reviews-Illinois_Limo_And_Car_Service-Chicago_Illinois.html?m=66827,,0,,41.878613,-87.62566,"Chicago, IL",Chicago,Illinois,United States,+1 773-678-0853,https://www.illinoislimocarservice.com/,,"Chicago, Illinois, USA",35805
25308774,Skyspace At University Of Illinois At Chicago,https://www.tripadvisor.com/Attraction_Review-g35805-d25308774-Reviews-Skyspace_At_University_Of_Illinois_At_Chicago-Chicago_Illinois.html?m=66827,,0,,41.8784,-87.6256,"1200 W Harrison St, Chicago, IL 60607-3320",Chicago,Illinois,United States,+1 312-996-7000,,,"Chicago, Illinois, USA",35805
25308409,Busy Beaver Button Co and Museum,https://www.tripadvisor.com/Attraction_Review-g35805-d25308409-Reviews-Busy_Beaver_Button_Co_and_Museum-Chicago_Illinois.html?m=66827,,0,,41.8784,-87.6256,"3407 W Armitage Ave, Chicago, IL 60647-3719",Chicago,Illinois,United States,+1 773-645-3359,https://www.busybeaver.net/button-museum/,,"Chicago, Illinois, USA",35805
25303051,Nichols Tower At Homan Square,https://www.tripadvisor.com/Attraction_Review-g35805-d25303051-Reviews-Nichols_Tower_At_Homan_Square-Chicago_Illinois.html?m=66827,,0,,41.8784,-87.6256,"906 S Homan Ave, Chicago, IL 60624-4106",Chicago,Illinois,United States,,https://www.homansquare.org/nichols-tower/,,"Chicago, Illinois, USA",35805
25284923,Alamo Drafthouse,https://www.tripadvisor.com/Attraction_Review-g35805-d25284923-Reviews-Alamo_Drafthouse-Chicago_Illinois.html?m=66827,1.0,1,,41.8784,-87.6256,"3519 N Clark St Suite C301, Chicago, IL 60657-1148",Chicago,Illinois,United States,+1 872-298-3961,,,"Chicago, Illinois, USA",35805
19244216,Route 66 End Sign,https://www.tripadvisor.com/Attraction_Review-g35805-d19244216-Reviews-Route_66_End_Sign-Chicago_Illinois.html?m=66827,4.2,12,,41.87839,-87.62549,"98-66 E Jackson Blvd, Chicago, IL 60604-2504",Chicago,Illinois,United States,,,,"Chicago, Illinois, USA",35805
16693219,Washington Waterfront Underground Railroad Museum,https://www.tripadvisor.com/Attraction_Review-g49644-d16693219-Reviews-Washington_Waterfront_Underground_Railroad_Museum-Washington_North_Carolina.html?m=66827,5.0,1,,35.54655,-77.05218,"Corner of Gladden and West Main Street, Washington, NC 27889",Washington,North Carolina,United States,+1 252-833-0995,https://whda.org/underground-railroad-museum/,,"Washington, D.C., USA",49644
27048346,Patrick Cochran Memorial Skatepark,https://www.tripadvisor.com/Attraction_Review-g49644-d27048346-Reviews-Patrick_Cochran_Memorial_Skatepark-Washington_North_Carolina.html?m=66827,,0,,35.546368,-77.048096,"231 E 7th St, Washington, NC 27889-4523",Washington,North Carolina,United States,+1 252-946-2220,https://www.facebook.com/171089252973985,,"Washington, D.C., USA",49644
27038106,Beebe Memorial Park,https://www.tripadvisor.com/Attraction_Review-g49644-d27038106-Reviews-Beebe_Memorial_Park-Washington_North_Carolina.html?m=66827,,0,,35.554867,-77.05398,"1101 Bridge St, Washington, NC 27889-3651",Washington,North Carolina,United States,+1 252-975-9644,http://washingtonparksandrecreation.com/,,"Washington, D.C., USA",49644
27046591,"The Sublime Touch, Healing Skin Spa",https://www.tripadvisor.com/Attraction_Review-g49644-d27046591-Reviews-The_Sublime_Touch_Healing_Skin_Spa-Washington_North_Carolina.html?m=66827,,0,,35.54425,-77.05348,"249 N Market St, Washington, NC 27889-4949",Washington,North Carolina,United States,+1 252-945-5070,https://www.facebook.com/108009528430020,,"Washington, D.C., USA",49644
23730269,Washington NC Audio Tours,https://www.tripadvisor.com/Attraction_Review-g49644-d23730269-Reviews-Washington_NC_Audio_Tours-Washington_North_Carolina.html?m=66827,5.0,3,,35.54387,-77.05349,"213 N Market St Suite 202, Washington, NC 27889-5330",Washington,North Carolina,United States,+1 252-362-1569,http://washingtonncaudiotours.com,,"Washington, D.C., USA",49644
27009519,Washington Off-Leash Dog Park,https://www.tripadvisor.com/Attraction_Review-g49644-d27009519-Reviews-Washington_Off_Leash_Dog_Park-Washington_North_Carolina.html?m=66827,,0,,35.541706,-77.04519,"601 E 4th St, Washington, NC 27889-5103",Washington,North Carolina,United States,+1 252-975-9367,https://www.facebook.com/1004800866197669,,"Washington, D.C., USA",49644
9783222,Market Street Pub,https://www.tripadvisor.com/Attraction_Review-g49644-d9783222-Reviews-Market_Street_Pub-Washington_North_Carolina.html?m=66827,5.0,4,,35.54267,-77.05433,"143 N Market St, Washington, NC 27889-4947",Washington,North Carolina,United States,+1 252-623-2047,http://www.facebook.com/marketstreetpub/?hc_ref=PAGES_TIMELINE&fref=nf,,"Washington, D.C., USA",49644
143623,St. Peter's Episcopal Church,https://www.tripadvisor.com/Attraction_Review-g49644-d143623-Reviews-St_Peter_s_Episcopal_Church-Washington_North_Carolina.html?m=66827,4.2,17,,35.541466,-77.05299,"101 N Bonner St, Washington, NC 27889-5016",Washington,North Carolina,United States,+1 252-946-8151,http://www.saintpetersnc.org/,,"Washington, D.C., USA",49644
14075127,Moss Landing Marina,https://www.tripadvisor.com/Attraction_Review-g49644-d14075127-Reviews-Moss_Landing_Marina-Washington_North_Carolina.html?m=66827,4.6,5,,35.539627,-77.05356,"303 E Water St, Washington, NC 27889",Washington,North Carolina,United States,+1 252-623-1314,http://www.mosslandingmarina.com/,,"Washington, D.C., USA",49644
657650,North Carolina Estuarium,https://www.tripadvisor.com/Attraction_Review-g49644-d657650-Reviews-North_Carolina_Estuarium-Washington_North_Carolina.html?m=66827,4.5,108,,35.53997,-77.05371,"223 E Water St, Washington, NC 27889-5048",Washington,North Carolina,United States,+1 252-948-0000,http://www.partnershipforthesounds.net/?utm_campaign=downstream-referral&utm_medium=website&utm_source=www.visitnc.com,,"Washington, D.C., USA",49644
26454564,Beacon Hill Books & Cafe,https://www.tripadvisor.com/Attraction_Review-g34785-d26454564-Reviews-Beacon_Hill_Books_Cafe-Boston_Georgia.html?m=66827,4.0,22,,42.357277,-71.05834,"71 Charles Street, Boston, GA MA 02114",Boston,Georgia,United States,+1 617-945-4713,http://www.bhbooks.com/events?fbclid=PAAaZkOm1-xle_rs1YBsalQFtmwiTaec4nG5IbkjRi_A7tkdHgVmZq2o9MEUA,,"Boston, Massachusetts, USA",60745
26269114,Boston Detective Tours,https://www.tripadvisor.com/Attraction_Review-g60745-d26269114-Reviews-Boston_Detective_Tours-Boston_Massachusetts.html?m=66827,5.0,5,,42.357277,-71.05834,"Boston, MA",Boston,Massachusetts,United States,+1 617-212-2502,https://bostondetectivetours.com/,,"Boston, Massachusetts, USA",60745
9718811,Commonwealth Books,https://www.tripadvisor.com/Attraction_Review-g60745-d9718811-Reviews-Commonwealth_Books-Boston_Massachusetts.html?m=66827,4.7,37,,42.35733,-71.05793,"9 Spring Ln, Boston, MA 02109-4401",Boston,Massachusetts,United States,+1 800-259-7616,http://www.commonwealthbooks.com,,"Boston, Massachusetts, USA",60745
34119954,Boston & Boston,https://www.tripadvisor.com/Attraction_Review-g60745-d34119954-Reviews-Boston_Boston-Boston_Massachusetts.html?m=66827,4.0,1,,42.35771,-71.0579,"262 Washington St, Boston, MA",Boston,Massachusetts,United States,,https://ug.maptons.com/p/13570861813#google_vignette,,"Boston, Massachusetts, USA",60745
16774789,Massage Therapy of Boston,https://www.tripadvisor.com/Attraction_Review-g60745-d16774789-Reviews-Massage_Therapy_of_Boston-Boston_Massachusetts.html?m=66827,5.0,1,,42.35728,-71.05751,"111 Devonshire St Suite 640, Boston, MA 02109-5407",Boston,Massachusetts,United States,+1 617-999-6071,http://massagetherapyofboston.com,,"Boston, Massachusetts, USA",60745
33962617,Pure Oasis Cannabis Dispensary,https://www.tripadvisor.com/Attraction_Review-g60745-d33962617-Reviews-Pure_Oasis_Cannabis_Dispensary-Boston_Massachusetts.html?m=66827,,0,,42.357746,-71.05746,"85 Devonshire Street, Boston, MA 02109",Boston,Massachusetts,United States,+1 617-420-9099,https://www.mypureoasis.com/locations/downtown/,,"Boston, Massachusetts, USA",60745
8804059,Statue of Samuel Adams,https://www.tripadvisor.com/Attraction_Review-g60745-d8804059-Reviews-Statue_of_Samuel_Adams-Boston_Massachusetts.html?m=66827,3.9,55,,42.35776,-71.05646,"Congress Street Faneuil Hall, Boston, MA 02109",Boston,Massachusetts,United States,,,,"Boston, Massachusetts, USA",60745
104815,Museum of African American History,https://www.tripadvisor.com/Attraction_Review-g60745-d104815-Reviews-Museum_of_African_American_History-Boston_Massachusetts.html?m=66827,4.4,88,,42.356476,-71.058,"46 Joy St Suite 705, Boston, MA 02109",Boston,Massachusetts,United States,+1 617-725-0022,http://www.maah.org/boston-location,,"Boston, Massachusetts, USA",60745
17795434,Boston Hysterical Society,https://www.tripadvisor.com/Attraction_Review-g60745-d17795434-Reviews-Boston_Hysterical_Society-Boston_Massachusetts.html?m=66827,5.0,22,,42.35661,-71.05795,"31 Milk St, Boston, MA 02109-5104",Boston,Massachusetts,United States,+1 508-872-7708,http://www.funnymagic.com,,"Boston, Massachusetts, USA",60745
1024067,Mystery Cafe,https://www.tripadvisor.com/Attraction_Review-g60745-d1024067-Reviews-Mystery_Cafe-Boston_Massachusetts.html?m=66827,4.4,437,,42.356174,-71.05753,"161 Devonshire St, Boston, MA 02110-1402",Boston,Massachusetts,United States,+1 617-426-1999,http://www.headfirstevents.com/brands/mystery-cafe/,,"Boston, Massachusetts, USA",60745
10593941,Sea Charters,https://www.tripadvisor.com/Attraction_Review-g41836-d10593941-Reviews-Sea_Charters-South_Orleans_Cape_Cod_Massachusetts.html?m=66827,,0,,41.753323,-69.99123,"402 South Orleans Rd #830, South Orleans, MA 02662",South Orleans,Massachusetts,United States,+1 508-237-5177,http://www.fishing-capecod.com,,"New Orleans, Louisiana, USA",41755
17694895,Eldredge Park,https://www.tripadvisor.com/Attraction_Review-g41755-d17694895-Reviews-Eldredge_Park-Orleans_Cape_Cod_Massachusetts.html?m=66827,,0,,41.78108,-69.98931,"78 Eldridge Park Way Intersection of Route 28 and Eldredge Park Way, Orleans, MA 02653-3326",Orleans,Massachusetts,United States,,,,"New Orleans, Louisiana, USA",41755
27055975,Alias Gallery,https://www.tripadvisor.com/Attraction_Review-g41545-d27055975-Reviews-Alias_Gallery-East_Orleans_Orleans_Cape_Cod_Massachusetts.html?m=66827,,0,,41.78628,-69.98882,"64 Main St, East Orleans, Orleans, MA 02653-2416",East Orleans,Massachusetts,United States,,http://aliasgallery.com/,,"New Orleans, Louisiana, USA",41755
10592591,Orleans Firebirds Baseball Field,https://www.tripadvisor.com/Attraction_Review-g41755-d10592591-Reviews-Orleans_Firebirds_Baseball_Field-Orleans_Cape_Cod_Massachusetts.html?m=66827,4.9,9,,41.780624,-69.98949,"78 Eldridge Park Way, Orleans, MA 02653-3326",Orleans,Massachusetts,United States,+1 508-255-0793,http://orleansfirebirds.pointstreaksites.com/,,"New Orleans, Louisiana, USA",41755
3331333,Caleb Nickerson House,https://www.tripadvisor.com/Attraction_Review-g41499-d3331333-Reviews-Caleb_Nickerson_House-Chatham_Cape_Cod_Massachusetts.html?m=66827,4.6,7,,41.70891,-69.986725,"1107 Orleans Rd, Chatham, MA 02650-1167",Chatham,Massachusetts,United States,+1 508-945-6086,https://cnh.nickersonassoc.com/,,"New Orleans, Louisiana, USA",41755
2254068,Main Street Wine and Gourmet,https://www.tripadvisor.com/Attraction_Review-g41755-d2254068-Reviews-Main_Street_Wine_and_Gourmet-Orleans_Cape_Cod_Massachusetts.html?m=66827,4.8,17,,41.78758,-69.99082,"42 Main St, Orleans, MA 02653-2441",Orleans,Massachusetts,United States,+1 508-255-1112,http://MainStreetWineandGourmet.com/,,"New Orleans, Louisiana, USA",41755
6979432,Orleans Chamber of Commerce,https://www.tripadvisor.com/Attraction_Review-g41755-d6979432-Reviews-Orleans_Chamber_of_Commerce-Orleans_Cape_Cod_Massachusetts.html?m=66827,3.8,8,,41.78759,-69.99047,"44 Main St, Orleans, MA 02653-2441",Orleans,Massachusetts,United States,+1 508-255-1386,http://www.orleanscapecod.org,,"New Orleans, Louisiana, USA",41755
6739495,Local Colour Resale Boutique,https://www.tripadvisor.com/Attraction_Review-g41755-d6739495-Reviews-Local_Colour_Resale_Boutique-Orleans_Cape_Cod_Massachusetts.html?m=66827,4.8,6,,41.7881,-69.99004,"9 Cove Rd, Orleans, MA 02653-2444",Orleans,Massachusetts,United States,+1 508-255-2846,http://www.localcolourboutique.com,,"New Orleans, Louisiana, USA",41755
21292196,Orleans Modern Art,https://www.tripadvisor.com/Attraction_Review-g41755-d21292196-Reviews-Orleans_Modern_Art-Orleans_Cape_Cod_Massachusetts.html?m=66827,,0,,41.789486,-69.98962,"85 Route 6a, Orleans, MA 02653",Orleans,Massachusetts,United States,+1 508-240-1017,http://www.orleansmodern.com,,"New Orleans, Louisiana, USA",41755
2445006,Image Makers Salon Spa,https://www.tripadvisor.com/Attraction_Review-g41755-d2445006-Reviews-Image_Makers_Salon_Spa-Orleans_Cape_Cod_Massachusetts.html?m=66827,5.0,1,,41.786747,-69.98896,"56 Main St, Orleans, MA 02653-9998",Orleans,Massachusetts,United States,+1 508-255-5911,,,"New Orleans, Louisiana, USA",41755
26635251,United Club,https://www.tripadvisor.com/Attraction_Review-g60982-d26635251-Reviews-United_Club-Honolulu_Oahu_Hawaii.html?m=66827,5.0,1,,21.308142,-157.86186,"Rodgers Blvd G Gates Terminal 2 Floor 3, Honolulu, Oahu, HI 96819",Honolulu,Hawaii,United States,,,,"Honolulu, Hawaii, USA",60982
24174128,Bishop Museum,https://www.tripadvisor.com/Attraction_Review-g60982-d24174128-Reviews-Bishop_Museum-Honolulu_Oahu_Hawaii.html?m=66827,,0,,21.308142,-157.86186,"Bernice St, Honolulu, Oahu, HI",Honolulu,Hawaii,United States,,,,"Honolulu, Hawaii, USA",60982
27466242,Aloha Hawaii Massage Wellness,https://www.tripadvisor.com/Attraction_Review-g60982-d27466242-Reviews-Aloha_Hawaii_Massage_Wellness-Honolulu_Oahu_Hawaii.html?m=66827,5.0,1,,21.306803,-157.86284,"1188 Bishop St Ste 2005, Honolulu, Oahu, HI 96813-3308",Honolulu,Hawaii,United States,+1 808-400-0588,http://www.alohahawaiimassagewellness.com,,"Honolulu, Hawaii, USA",60982
9999268,Dillingham Transportation Building,https://www.tripadvisor.com/Attraction_Review-g60982-d9999268-Reviews-Dillingham_Transportation_Building-Honolulu_Oahu_Hawaii.html?m=66827,3.8,5,,21.307108,-157.8633,"735 Bishop St Downtown Honolulu, Honolulu, Oahu, HI 96813-4817",Honolulu,Hawaii,United States,,http://www.facebook.com/pages/Dillingham-Transportation-Building/521916867855452,,"Honolulu, Hawaii, USA",60982
27080273,Hawaii Bowl,https://www.tripadvisor.com/Attraction_Review-g60982-d27080273-Reviews-Hawaii_Bowl-Honolulu_Oahu_Hawaii.html?m=66827,,0,,21.308577,-157.86343,"828 Fort St Mall, Honolulu, Oahu, HI 96813",Honolulu,Hawaii,United States,+1 808-523-3688,http://thehawaiibowl.com,,"Honolulu, Hawaii, USA",60982
19453711,Hawaii TownCars,https://www.tripadvisor.com/Attraction_Review-g60982-d19453711-Reviews-Hawaii_TownCars-Honolulu_Oahu_Hawaii.html?m=66827,5.0,1,,21.308348,-157.86339,"801 Fort Street Mall 500, Honolulu, Oahu, HI 96813-4317",Honolulu,Hawaii,United States,+1 808-650-5050,http://hawaiitowncars.com,,"Honolulu, Hawaii, USA",60982
33035414,Hawaii Conference United Church Of Christ,https://www.tripadvisor.com/Attraction_Review-g60982-d33035414-Reviews-Hawaii_Conference_United_Church_Of_Christ-Honolulu_Oahu_Hawaii.html?m=66827,,0,,21.307724,-157.86337,"700 Bishop St. Suite 825, Honolulu, Oahu, HI 96813",Honolulu,Hawaii,United States,+1 808-537-9516,http://www.hcucc.org,,"Honolulu, Hawaii, USA",60982
12449371,Kahala Kai Catamaran,https://www.tripadvisor.com/Attraction_Review-g60982-d12449371-Reviews-Kahala_Kai_Catamaran-Honolulu_Oahu_Hawaii.html?m=66827,5.0,7,,21.30709,-157.86594,"Honolulu Harbor Ala Mona, Honolulu, Oahu, HI",Honolulu,Hawaii,United States,+1 808-286-4880,http://www.kahalakai.com/,,"Honolulu, Hawaii, USA",60982
23826620,Jet Ski Oahu,https://www.tripadvisor.com/Attraction_Review-g60982-d23826620-Reviews-Jet_Ski_Oahu-Honolulu_Oahu_Hawaii.html?m=66827,3.5,15,,21.307968,-157.88245,"1640 Sand Island Pkwy, Honolulu, Oahu, HI 96819",Honolulu,Hawaii,United States,+1 808-333-3734,https://jetskioahu.com,,"Honolulu, Hawaii, USA",60982
23771621,Foil Surfing Hawaii,https://www.tripadvisor.com/Attraction_Review-g60982-d23771621-Reviews-Foil_Surfing_Hawaii-Honolulu_Oahu_Hawaii.html?m=66827,5.0,9,,21.307928,-157.88232,"1440 Sand Island Pkwy, Honolulu, Oahu, HI 96819",Honolulu,Hawaii,United States,+1 910-616-6786,http://www.foilsurfinghi.com,,"Honolulu, Hawaii, USA",60982
14197074,Paddle Board Experience Cancun,https://www.tripadvisor.com/Attraction_Review-g150807-d14197074-Reviews-Paddle_Board_Experience_Cancun-Cancun_Yucatan_Peninsula.html?m=66827,5.0,4,,21.149878,-86.79385,"Blvd kukulkan km 3.2 Marine Chac Chi, Cancun 77500 Mexico",Cancun,Quintana Roo,Mexico,+52 998 849 4443,https://www.facebook.com/Paddleboardexperience/,,"Cancun, Mexico",150807
5848788,Scuba Diving Cancun,https://www.tripadvisor.com/Attraction_Review-g150807-d5848788-Reviews-Scuba_Diving_Cancun-Cancun_Yucatan_Peninsula.html?m=66827,4.8,289,,21.150492,-86.79364,"Marina Chac Chi, Blvrd Kukulcan Km 3.2, Zona Hotelera, Cancun 77520 Mexico",Cancun,Quintana Roo,Mexico,+52 998 228 5335,http://www.scubadivingcancun.com,,"Cancun, Mexico",150807
27946050,Day Yachts Cancun,https://www.tripadvisor.com/Attraction_Review-g150807-d27946050-Reviews-Day_Yachts_Cancun-Cancun_Yucatan_Peninsula.html?m=66827,,0,,21.149868,-86.79317,"Blvd. Kukulcan 166 Zona Hotelera, Cancun 77500 Mexico",Cancun,Quintana Roo,Mexico,+52 998 695 9681,https://dayachts.com/,,"Cancun, Mexico",150807
27755961,Paragliding Cancun,https://www.tripadvisor.com/Attraction_Review-g150807-d27755961-Reviews-Paragliding_Cancun-Cancun_Yucatan_Peninsula.html?m=66827,,0,,21.14967,-86.80287,Cancun Mexico,Cancun,Quintana Roo,Mexico,,https://www.instagram.com/paragliding.cancun?igsh=bgd1awjibglvdjmx,,"Cancun, Mexico",150807
28040463,Snorkeling Adventure Cancun,https://www.tripadvisor.com/Attraction_Review-g150807-d28040463-Reviews-Snorkeling_Adventure_Cancun-Cancun_Yucatan_Peninsula.html?m=66827,5.0,2,,21.14967,-86.80287,Cancun Mexico,Cancun,Quintana Roo,Mexico,+52 998 249 0003,http://www.snorkeladventuring.com,,"Cancun, Mexico",150807
28298432,Seas The Day - The Best Yachts In Cancun,https://www.tripadvisor.com/Attraction_Review-g150807-d28298432-Reviews-Seas_The_Day_The_Best_Yachts_In_Cancun-Cancun_Yucatan_Peninsula.html?m=66827,5.0,9,,21.14967,-86.80287,Cancun Mexico,Cancun,Quintana Roo,Mexico,+52 55 8534 1857,https://www.instagram.com/seasthedayachts,,"Cancun, Mexico",150807
12665250,Caribbe Cab Cancun,https://www.tripadvisor.com/Attraction_Review-g150807-d12665250-Reviews-Caribbe_Cab_Cancun-Cancun_Yucatan_Peninsula.html?m=66827,,0,,21.14967,-86.80287,Cancun Mexico,Cancun,Quintana Roo,Mexico,+52 998 398 8256,http://www.caribbean-cab.com/en,,"Cancun, Mexico",150807
27150221,Embarcadero Xailing,https://www.tripadvisor.com/Attraction_Review-g150807-d27150221-Reviews-Embarcadero_Xailing-Cancun_Yucatan_Peninsula.html?m=66827,,0,,21.14967,-86.80287,"Blvd. Kukulcan #4, Cancun 77500 Mexico",Cancun,Quintana Roo,Mexico,,http://www.xcarte.com/es/xailing/ferry-isla-mujeres/,,"Cancun, Mexico",150807
26267659,Isla Mujeres,https://www.tripadvisor.com/Attraction_Review-g150807-d26267659-Reviews-Isla_Mujeres-Cancun_Yucatan_Peninsula.html?m=66827,5.0,1,,21.14967,-86.80287,"Isla Mujeres, Cancun Mexico",Cancun,Quintana Roo,Mexico,,,,"Cancun, Mexico",150807
25072572,Music Club Cancun,https://www.tripadvisor.com/Attraction_Review-g150807-d25072572-Reviews-Music_Club_Cancun-Cancun_Yucatan_Peninsula.html?m=66827,5.0,1,,21.14967,-86.80287,"Plaza Solare, Cancun 77504 Mexico",Cancun,Quintana Roo,Mexico,+52 998 802 2481,http://hermesmusicclub.mx/,,"Cancun, Mexico",150807
25391125,Parque Cuitlahuac,https://www.tripadvisor.com/Attraction_Review-g150800-d25391125-Reviews-Parque_Cuitlahuac-Mexico_City_Central_Mexico_and_Gulf_Coast.html?m=66827,,0,,19.432684,-99.13325,"Area Federal parque cuitlahuac Iztapalapa, Mexico City 09290 Mexico",Mexico City,,Mexico,,,,"Mexico City, Mexico",150800
25319780,Okuda San Miguel Metamorfosis,https://www.tripadvisor.com/Attraction_Review-g150800-d25319780-Reviews-Okuda_San_Miguel_Metamorfosis-Mexico_City_Central_Mexico_and_Gulf_Coast.html?m=66827,3.0,1,,19.432684,-99.13325,"Av. de la Republica 17, Mexico City 06050 Mexico",Mexico City,,Mexico,,https://cartelera.cdmx.gob.mx/en/10624/12-02-2023/okuda-san-miguel-metamorfosis,,"Mexico City, Mexico",150800
26500669,Fuente de los Coyotes,https://www.tripadvisor.com/Attraction_Review-g150800-d26500669-Reviews-Fuente_de_los_Coyotes-Mexico_City_Central_Mexico_and_Gulf_Coast.html?m=66827,2.0,1,,19.432684,-99.13325,"Parque Centenario,, Mexico City 04000 Mexico",Mexico City,,Mexico,,,,"Mexico City, Mexico",150800
29940097,Mercado Melchor Muzquiz or Mercado de San Angel,https://www.tripadvisor.com/Attraction_Review-g150800-d29940097-Reviews-Mercado_Melchor_Muzquiz_or_Mercado_de_San_Angel-Mexico_City_Central_Mexico_and_G.html?m=66827,,0,,19.432684,-99.13325,"Revolucion S/N Corner Dr. Elguero San Ángel, Mexico City 01000 Mexico",Mexico City,,Mexico,,https://mexicocity.cdmx.gob.mx/venues/mercado-melchor-muzquiz-de-san-angel/,,"Mexico City, Mexico",150800
26073362,Plaza Aeropuerto,https://www.tripadvisor.com/Attraction_Review-g150800-d26073362-Reviews-Plaza_Aeropuerto-Mexico_City_Central_Mexico_and_Gulf_Coast.html?m=66827,3.0,1,,19.432684,-99.13325,"Calz. Ignacio Zaragoza 270, Santa Cruz Aviacion, V, Mexico City 15540 Mexico",Mexico City,,Mexico,+52 55 6732 7785,http://www.plazaaeropuerto.com.mx,,"Mexico City, Mexico",150800
24068009,HOLA WALKING TOURS CIUDAD DE MEXICO (OFFICIAL! ),https://www.tripadvisor.com/Attraction_Review-g150800-d24068009-Reviews-HOLA_WALKING_TOURS_CIUDAD_DE_MEXICO_OFFICIAL-Mexico_City_Central_Mexico_and_Gulf.html?m=66827,5.0,16,,19.433672,-99.13332,"Plaza de la Constitucion s/n, Centro Historico Cdad de Mexico, Cuauhtemoc, Mexico City 06000 Mexico",Mexico City,,Mexico,+52 55 3988 1396,http://www.holawalkingtours.com,,"Mexico City, Mexico",150800
27171695,Monumento Hipsografico de Enrico Martinez,https://www.tripadvisor.com/Attraction_Review-g150800-d27171695-Reviews-Monumento_Hipsografico_de_Enrico_Martinez-Mexico_City_Central_Mexico_and_Gulf_Co.html?m=66827,4.0,1,,19.433775,-99.13357,"Calle Monte de Piedad 7 Historic Center, Mexico City 06000 Mexico",Mexico City,,Mexico,,https://mexicocity.cdmx.gob.mx/venues/hypsographic-monument/?lang=es,,"Mexico City, Mexico",150800
11657398,Terraza Catedral,https://www.tripadvisor.com/Attraction_Review-g150800-d11657398-Reviews-Terraza_Catedral-Mexico_City_Central_Mexico_and_Gulf_Coast.html?m=66827,4.3,39,,19.435173,-99.13361,"Calle Republica De Guatemala 4, Mexico City 06000 Mexico",Mexico City,,Mexico,+52 55 5518 1726,http://mundojovenhostels.com/terraza-catedral/,,"Mexico City, Mexico",150800
12512701,Nuad SPAmovil,https://www.tripadvisor.com/Attraction_Review-g150800-d12512701-Reviews-Nuad_SPAmovil-Mexico_City_Central_Mexico_and_Gulf_Coast.html?m=66827,5.0,2,,19.43518,-99.13362,"Calle Republica de Guatemala # 4 Col. Centro Historico, Hostel Mundo Joven Catedral, Mexico City 06000 Mexico",Mexico City,,Mexico,+52 55 6236 5181,http://www.spamovil.com,,"Mexico City, Mexico",150800
10156439,Yawi Arte Tradicional,https://www.tripadvisor.com/Attraction_Review-g150800-d10156439-Reviews-Yawi_Arte_Tradicional-Mexico_City_Central_Mexico_and_Gulf_Coast.html?m=66827,4.9,10,,19.43456,-99.13396,"Calle Monte de Piedad # 15 int 108, colonia Centro, Delegación Cuauhtémoc, Mexico City 06000 Mexico",Mexico City,,Mexico,+52 55 6887 4541,http://www.arteyawi.com,,"Mexico City, Mexico",150800
28417493,Finnan Oval,https://www.tripadvisor.com/Attraction_Review-g12963292-d28417493-Reviews-Finnan_Oval-Blackalls_Park_Lake_Macquarie_Greater_Newcastle_New_South_Wales.html?m=66827,,0,,-33.004154,151.58289,"31 Fennell Cres, Blackalls Park, Lake Macquarie, New South Wales 2283 Australia",Blackalls Park,New South Wales,Australia,+61 402 805 064,https://www.facebook.com/190355867654379,,"Toronto, Canada",529033
15033828,Blackalls Park Playground,https://www.tripadvisor.com/Attraction_Review-g12963292-d15033828-Reviews-Blackalls_Park_Playground-Blackalls_Park_Lake_Macquarie_Greater_Newcastle_New_.html?m=66827,4.0,2,,-32.99862,151.58836,"1 Blackall Ave, Blackalls Park, Lake Macquarie, New South Wales 2283 Australia",Blackalls Park,New South Wales,Australia,,,,"Toronto, Canada",529033
26357399,Tinkat Alley Art Studio,https://www.tripadvisor.com/Attraction_Review-g255325-d26357399-Reviews-Tinkat_Alley_Art_Studio-Newcastle_Greater_Newcastle_New_South_Wales.html?m=66827,,0,,-32.985073,151.58168,"4 Wallsend Road, Newcastle, New South Wales 2283 Australia",Newcastle,New South Wales,Australia,+61 400 494 490,http://www.tinkat.com,,"Toronto, Canada",529033
28443588,Kevin Evans Oval,https://www.tripadvisor.com/Attraction_Review-g12923114-d28443588-Reviews-Kevin_Evans_Oval-Holmesville_Lake_Macquarie_Greater_Newcastle_New_South_Wales.html?m=66827,,0,,-32.920124,151.57927,"60 Appletree Rd, Holmesville, Lake Macquarie, New South Wales 2286 Australia",Holmesville,New South Wales,Australia,,https://www.facebook.com/1169810119698638,,"Toronto, Canada",529033
28419985,Former Glory Emporium,https://www.tripadvisor.com/Attraction_Review-g13995955-d28419985-Reviews-Former_Glory_Emporium-West_Wallsend_Lake_Macquarie_Greater_Newcastle_New_South.html?m=66827,,0,,-32.903187,151.58105,"2-6 Withers St, West Wallsend, Lake Macquarie, New South Wales 2286 Australia",West Wallsend,New South Wales,Australia,+61 419 276 261,https://www.facebook.com/111989663481108,,"Toronto, Canada",529033
4089714,Best Tour Hunter Valley Wine Tasting Tours,https://www.tripadvisor.com/Attraction_Review-g529033-d4089714-Reviews-Best_Tour_Hunter_Valley_Wine_Tasting_Tours-Toronto_Lake_Macquarie_Greater_Newcast.html?m=66827,4.8,42,,-33.01407,151.59277,"Toronto, Lake Macquarie, New South Wales 2283 Australia",Toronto,New South Wales,Australia,+61 437 149 612,http://www.besttour.com.au,,"Toronto, Canada",529033
7927570,Lake Macquarie Light Rail,https://www.tripadvisor.com/Attraction_Review-g529033-d7927570-Reviews-Lake_Macquarie_Light_Rail-Toronto_Lake_Macquarie_Greater_Newcastle_New_South_Wale.html?m=66827,4.0,3,,-33.02073,151.57812,"20 Onslow Rd At corner of Wangi Road, Toronto, Lake Macquarie, New South Wales 2283 Australia",Toronto,New South Wales,Australia,,http://www.lmlr.org.au,,"Toronto, Canada",529033
16852868,The Yard Studio,https://www.tripadvisor.com/Attraction_Review-g1453669-d16852868-Reviews-The_Yard_Studio-Jugiong_New_South_Wales.html?m=66827,3.0,1,,-33.03772,151.5679,"Shop 2, 4 Doors Up Harden Road, Jugiong, New South Wales 2726 Australia",Jugiong,New South Wales,Australia,+61 427 895 992,http://theyardstudio.com.au/,,"Toronto, Canada",529033
8673279,Mount Sugarloaf,https://www.tripadvisor.com/Attraction_Review-g2622175-d8673279-Reviews-Mount_Sugarloaf-Wallsend_Lake_Macquarie_Greater_Newcastle_New_South_Wales.html?m=66827,4.0,23,,-32.89308,151.55443,"Mt Sugarloaf Road, Wallsend, Lake Macquarie, New South Wales 2286 Australia",Wallsend,New South Wales,Australia,,,,"Toronto, Canada",529033
4071235,Watagans National Park,https://www.tripadvisor.com/Attraction_Review-g2307970-d4071235-Reviews-Watagans_National_Park-Lake_Macquarie_Greater_Newcastle_New_South_Wales.html?m=66827,4.5,31,,-33.01939,151.43083,"Bangalow Road Cooranbong, Lake Macquarie, New South Wales Australia",Lake Macquarie,New South Wales,Australia,,,,"Toronto, Canada",529033
16779957,PACIFIC CAR RENTALS,https://www.tripadvisor.com/Attraction_Review-g154943-d16779957-Reviews-PACIFIC_CAR_RENTALS-Vancouver_British_Columbia.html?m=66827,3.7,6,,49.2815,-123.11609,"501 Georgia St W, Vancouver, British Columbia V6B 1Z5 Canada",Vancouver,British Columbia,Canada,+1 604-689-4506,http://www.pacificcarrentals.com,,"Vancouver, Canada",154943
27743940,Nick Cosmic Criswell - Psychic Tarot Card Reader,https://www.tripadvisor.com/Attraction_Review-g154943-d27743940-Reviews-Nick_Cosmic_Criswell_Psychic_Tarot_Card_Reader-Vancouver_British_Columbia.html?m=66827,,0,,49.2808,-123.11672,"Vancouver, British Columbia V6B 2L3 Canada",Vancouver,British Columbia,Canada,,,,"Vancouver, Canada",154943
32681933,Vancity Tours,https://www.tripadvisor.com/Attraction_Review-g154943-d32681933-Reviews-Vancity_Tours-Vancouver_British_Columbia.html?m=66827,,0,,49.2808,-123.11672,"Vancouver, British Columbia Canada",Vancouver,British Columbia,Canada,+1 866-987-5559,http://vancitytours.com,,"Vancouver, Canada",154943
27788161,Vancouver Eco Guide,https://www.tripadvisor.com/Attraction_Review-g154943-d27788161-Reviews-Vancouver_Eco_Guide-Vancouver_British_Columbia.html?m=66827,,0,,49.2808,-123.11672,"Vancouver, British Columbia Canada",Vancouver,British Columbia,Canada,+1 778-231-0097,https://www.vanecoguide.ca/,,"Vancouver, Canada",154943
23843782,Vancouver Public Library - Renfrew Branch,https://www.tripadvisor.com/Attraction_Review-g154943-d23843782-Reviews-Vancouver_Public_Library_Renfrew_Branch-Vancouver_British_Columbia.html?m=66827,5.0,1,,49.2808,-123.11672,"Renfrew Branch 2969 22nd Ave E, Vancouver, British Columbia V5M 2Y3 Canada",Vancouver,British Columbia,Canada,+1 604-257-8705,http://www.vpl.ca/location/renfrew-branch,,"Vancouver, Canada",154943
28260187,Kolby's Fishing Adventures,https://www.tripadvisor.com/Attraction_Review-g154943-d28260187-Reviews-Kolby_s_Fishing_Adventures-Vancouver_British_Columbia.html?m=66827,5.0,45,,49.28081,-123.11672,"5 Burbidge St Coquitlam BC, Vancouver, British Columbia V3K 7B2 Canada",Vancouver,British Columbia,Canada,+1 604-379-1155,https://www.facebook.com/p/Kolbys-Fishing-Adventures-61558401686366/,,"Vancouver, Canada",154943
33418661,The Perfect Bite - Vancouver,https://www.tripadvisor.com/Attraction_Review-g154943-d33418661-Reviews-The_Perfect_Bite_Vancouver-Vancouver_British_Columbia.html?m=66827,,0,,49.281456,-123.11676,"590 West Georgia Street, Vancouver, British Columbia V6B 2A3 Canada",Vancouver,British Columbia,Canada,,https://www.secretcityadventures.com/the-perfect-bite/vancouver,,"Vancouver, Canada",154943
501708,Vancouver Downtown,https://www.tripadvisor.com/Attraction_Review-g154943-d501708-Reviews-Vancouver_Downtown-Vancouver_British_Columbia.html?m=66827,4.4,6651,,49.28196,-123.11708,"Vancouver, British Columbia Canada",Vancouver,British Columbia,Canada,,,,"Vancouver, Canada",154943
19755269,Republic Gallery,https://www.tripadvisor.com/Attraction_Review-g154943-d19755269-Reviews-Republic_Gallery-Vancouver_British_Columbia.html?m=66827,3.0,1,,49.28076,-123.11674,"732 Richards St Third Floor, Vancouver, British Columbia V6B 3A4 Canada",Vancouver,British Columbia,Canada,+1 604-632-1590,http://republicgallery.com/,,"Vancouver, Canada",154943
5920545,Kingston Taphouse,https://www.tripadvisor.com/Attraction_Review-g154943-d5920545-Reviews-Kingston_Taphouse-Vancouver_British_Columbia.html?m=66827,3.8,30,,49.28073,-123.117,"755 Richards St, Vancouver, British Columbia V6B 3A6 Canada",Vancouver,British Columbia,Canada,+1 604-681-7011,http://www.kingstontaphouse.com,,"Vancouver, Canada",154943
32877593,Guide Silure Aude,https://www.tripadvisor.com/Attraction_Review-g1726266-d32877593-Reviews-Guide_Silure_Aude-Montreal_Aude_Occitanie.html?m=66827,,0,,43.201115,2.147401,"25 Avenue Du Languedoc Villa N°4, 11290, Montreal France",Montreal,,France,+33 6 95 17 35 10,http://guidesilureaude.fr,,"Montreal, Canada",1726266
27425193,La Collegiale Saint Vincent,https://www.tripadvisor.com/Attraction_Review-g1726266-d27425193-Reviews-La_Collegiale_Saint_Vincent-Montreal_Aude_Occitanie.html?m=66827,4.0,1,,43.199173,2.142645,"Place Saint-vincent, 11290, Montreal France",Montreal,,France,,,,"Montreal, Canada",1726266
12088214,QBX Quadbike,https://www.tripadvisor.com/Attraction_Review-g2626625-d12088214-Reviews-QBX_Quadbike-Arzens_Carcassonne_Aude_Occitanie.html?m=66827,,0,,43.19581,2.21248,"Domaine le Moulin de Madame, 11290 Arzens, Carcassonne France",Arzens,,France,+33 6 88 58 27 16,http://www.qbx-quadbike.com/,,"Montreal, Canada",1726266
7886779,Cinema Station Vu,https://www.tripadvisor.com/Attraction_Review-g1726266-d7886779-Reviews-Cinema_Station_Vu-Montreal_Aude_Occitanie.html?m=66827,5.0,1,,43.19638,2.13735,"8075 Rue Hochelaga, Montreal France",Montreal,,France,514-493-4695,http://www.stationvu.com,,"Montreal, Canada",1726266
27431169,Hotel De Boyer De Sorgues dit ausssi Hotel De Cassagnes,https://www.tripadvisor.com/Attraction_Review-g196600-d27431169-Reviews-Hotel_De_Boyer_De_Sorgues_dit_ausssi_Hotel_De_Cassagnes-Beziers_Herault_Occitani.html?m=66827,,0,,43.19446,2.074058,"5 rue Mayran, 34500, Beziers France",Beziers,,France,+33 4 99 41 36 36,https://www.pop.culture.gouv.fr/notice/merimee/PA00103381?mainSearch=%22H%C3%B4tel%20de%20Boyer%20de%20Sorgues%2C%20dit%20Aussi%20H%C3%B4tel%20de%20Cassagnes%22&last_view=%22list%22&idQuery=%226d6cabd-c24b-88a0-4a57-4d41cc2ce7e8%22,,"Montreal, Canada",1726266
19269137,Jump R Parc,https://www.tripadvisor.com/Attraction_Review-g187151-d19269137-Reviews-Jump_R_Parc-Carcassonne_Center_Carcassonne_Aude_Occitanie.html?m=66827,4.8,8,,43.20933,2.30296,"810 rue Antoine Durand, 11000 Carcassonne Center, Carcassonne France",Carcassonne Center,,France,+33 9 73 28 99 11,http://jump-rparc.fr/,,"Montreal, Canada",1726266
12073216,V and B Carcassonne,https://www.tripadvisor.com/Attraction_Review-g187151-d12073216-Reviews-V_and_B_Carcassonne-Carcassonne_Center_Carcassonne_Aude_Occitanie.html?m=66827,4.5,13,,43.20335,2.3095,"340 Rue Paul Henri Mouton ZAE Ferraudiere, 11000 Carcassonne Center, Carcassonne France",Carcassonne Center,,France,+33 4 68 72 36 10,https://magasin.vandb.fr/766405-v-and-b-carcassonne?utm_source=google&utm_medium=places&utm_campaign=20160616-su1,,"Montreal, Canada",1726266
28347858,Brasseurs De La Cite - Bieres Ciutat,https://www.tripadvisor.com/Attraction_Review-g187151-d28347858-Reviews-Brasseurs_De_La_Cite_Bieres_Ciutat-Carcassonne_Center_Carcassonne_Aude_Occitanie.html?m=66827,,0,,43.205368,2.317996,"240 Rue Edouard Branly, 11000 Carcassonne Center, Carcassonne France",Carcassonne Center,,France,+33 6 19 12 51 93,http://www.brasseursdelacite.com,,"Montreal, Canada",1726266
12335660,La Galerie - Geant Salvaza,https://www.tripadvisor.com/Attraction_Review-g187151-d12335660-Reviews-La_Galerie_Geant_Salvaza-Carcassonne_Center_Carcassonne_Aude_Occitanie.html?m=66827,2.5,4,,43.20808,2.309693,"Boulevard Henry Bouffet, 11000 Carcassonne Center, Carcassonne France",Carcassonne Center,,France,,https://www.la-galerie.com/salvaza,,"Montreal, Canada",1726266
7333167,Domaine Rose et Paul,https://www.tripadvisor.com/Attraction_Review-g2626625-d7333167-Reviews-Domaine_Rose_et_Paul-Arzens_Carcassonne_Aude_Occitanie.html?m=66827,4.9,21,,43.193253,2.205984,"Chemin de la Malepere, 11290 Arzens, Carcassonne France",Arzens,,France,+33 4 68 76 33 96,http://www.rose-paul.fr,,"Montreal, Canada",1726266
26328162,Proyectongo,https://www.tripadvisor.com/Attraction_Review-g147271-d26328162-Reviews-Proyectongo-Havana_Ciudad_de_la_Habana_Province_Cuba.html?m=66827,5.0,1,,23.118843,-82.36633,"Calle vigia, Havana Cuba",Havana,Ciudad de la Habana Province,Caribbean,+53 5 8243034,,,"Havana, Cuba",147271
26524732,Jorge Cuba Holidays,https://www.tripadvisor.com/Attraction_Review-g147271-d26524732-Reviews-Jorge_Cuba_Holidays-Havana_Ciudad_de_la_Habana_Province_Cuba.html?m=66827,5.0,3,,23.113592,-82.36659,Havana Cuba,Havana,Ciudad de la Habana Province,Caribbean,+53 5 2829444,http://jorge-cubaholidays.com,,"Havana, Cuba",147271
25001649,Zen Havana,https://www.tripadvisor.com/Attraction_Review-g147271-d25001649-Reviews-Zen_Havana-Havana_Ciudad_de_la_Habana_Province_Cuba.html?m=66827,,0,,23.113592,-82.36659,Havana 3400 Cuba,Havana,Ciudad de la Habana Province,Caribbean,+53 5 4972433,https://www.instagram.com/zen_havana/?igshid=ymmymta2m2y%3d,,"Havana, Cuba",147271
12005407,Museo del Ferrocarril de Cuba,https://www.tripadvisor.com/Attraction_Review-g147271-d12005407-Reviews-Museo_del_Ferrocarril_de_Cuba-Havana_Ciudad_de_la_Habana_Province_Cuba.html?m=66827,4.5,4,,23.12396,-82.36732,"Avenida de Mexico, corner of Arroyo, Havana Cuba",Havana,Ciudad de la Habana Province,Caribbean,,,,"Havana, Cuba",147271
28100003,My Cuba Is Your Cuba,https://www.tripadvisor.com/Attraction_Review-g147271-d28100003-Reviews-My_Cuba_Is_Your_Cuba-Havana_Ciudad_de_la_Habana_Province_Cuba.html?m=66827,,0,,23.121616,-82.373024,Havana Cuba,Havana,Ciudad de la Habana Province,Caribbean,+53 5 2382677,,,"Havana, Cuba",147271
17850846,Infanta1057,https://www.tripadvisor.com/Attraction_Review-g147271-d17850846-Reviews-Infanta1057-Havana_Ciudad_de_la_Habana_Province_Cuba.html?m=66827,5.0,4,,23.12506,-82.37433,"Calle Infanta # 1057 entre Desague y Benjumeda, Havana Cuba",Havana,Ciudad de la Habana Province,Caribbean,+53 5 6853454,http://www.infanta1057.com,,"Havana, Cuba",147271
25337288,Inforksol Store,https://www.tripadvisor.com/Attraction_Review-g147271-d25337288-Reviews-Inforksol_Store-Havana_Ciudad_de_la_Habana_Province_Cuba.html?m=66827,,0,,23.129585,-82.370605,"Escobar y Sitios 755, Havana 17000 Cuba",Havana,Ciudad de la Habana Province,Caribbean,+53 5 5100108,https://inforksolstore.ola.click,,"Havana, Cuba",147271
12396095,Museo Quisicuaba,https://www.tripadvisor.com/Attraction_Review-g147271-d12396095-Reviews-Museo_Quisicuaba-Havana_Ciudad_de_la_Habana_Province_Cuba.html?m=66827,4.8,5,,23.13108,-82.362236,"Maloja # 26 e / Angeles and Eagle, Havana Cuba",Havana,Ciudad de la Habana Province,Caribbean,+53 7 8630683,http://www.cabildoquisicuaba.cult.cu,,"Havana, Cuba",147271
17848472,Roots Travel Paris,https://www.tripadvisor.com/Attraction_Review-g147271-d17848472-Reviews-Roots_Travel_Paris-Havana_Ciudad_de_la_Habana_Province_Cuba.html?m=66827,4.7,26,,23.13211,-82.36749,"17 Rue De L'arsenal, Havana 75004 Cuba",Havana,Ciudad de la Habana Province,Caribbean,+33 1 42 74 07 07,http://www.rootstravel.com,,"Havana, Cuba",147271
13009637,Plaza Carlos lll,https://www.tripadvisor.com/Attraction_Review-g147271-d13009637-Reviews-Plaza_Carlos_lll-Havana_Ciudad_de_la_Habana_Province_Cuba.html?m=66827,3.2,17,,23.1314,-82.37337,"Avenida Salvador Allende, Havana 10300 Cuba",Havana,Ciudad de la Habana Province,Caribbean,+53 7 8736556,,,"Havana, Cuba",147271
12518766,Facultad de Ingenieria,https://www.tripadvisor.com/Attraction_Review-g312741-d12518766-Reviews-Facultad_de_Ingenieria-Buenos_Aires_Capital_Federal_District.html?m=66827,4.3,245,,-34.58847,-58.396416,"Avenida Gral Las Heras 2214, Buenos Aires C1127AAR Argentina",Buenos Aires,,Argentina,,,,"Buenos Aires, Argentina",312741
10235146,Urban Paintball Extremo,https://www.tripadvisor.com/Attraction_Review-g312741-d10235146-Reviews-Urban_Paintball_Extremo-Buenos_Aires_Capital_Federal_District.html?m=66827,3.1,7,,-34.58847,-58.39696,"Puerto Colectora de Avenida Cantilo y Arrollo Medrano ,, CABA Arroyo Medrano, Buenos Aires C1429DBQ Argentina",Buenos Aires,,Argentina,+54 11 4702-1002,http://urbanextremo.com.ar/,,"Buenos Aires, Argentina",312741
23539511,Libreria Norte,https://www.tripadvisor.com/Attraction_Review-g312741-d23539511-Reviews-Libreria_Norte-Buenos_Aires_Capital_Federal_District.html?m=66827,,0,,-34.588066,-58.39601,"Av. Las Heras 2225 Recoleta, Buenos Aires Argentina",Buenos Aires,,Argentina,,http://www.librerianorte.com.ar/,,"Buenos Aires, Argentina",312741
311775,Recoleta,https://www.tripadvisor.com/Attraction_Review-g312741-d311775-Reviews-Recoleta-Buenos_Aires_Capital_Federal_District.html?m=66827,4.5,21820,,-34.587368,-58.39728,"Junin y Guido, Buenos Aires Argentina",Buenos Aires,,Argentina,,,,"Buenos Aires, Argentina",312741
32980818,Caminarte,https://www.tripadvisor.com/Attraction_Review-g312741-d32980818-Reviews-Caminarte-Buenos_Aires_Capital_Federal_District.html?m=66827,5.0,3,,-34.587475,-58.397537,"Godoy cruz y Santa Fe, Buenos Aires 1425 Argentina",Buenos Aires,,Argentina,+54 9 299 509-1020,https://www.instagram.com/caminarte.ba/,,"Buenos Aires, Argentina",312741
8481478,Monumento a Guillermo Rawson,https://www.tripadvisor.com/Attraction_Review-g312741-d8481478-Reviews-Monumento_a_Guillermo_Rawson-Buenos_Aires_Capital_Federal_District.html?m=66827,3.7,10,,-34.58698,-58.396675,"Plazoleta Vicente Lopez y Av. Pueyrredon, Buenos Aires C1119ACS Argentina",Buenos Aires,,Argentina,,,,"Buenos Aires, Argentina",312741
2311021,Casa de los 70 balcones,https://www.tripadvisor.com/Attraction_Review-g312741-d2311021-Reviews-Casa_de_los_70_balcones-Buenos_Aires_Capital_Federal_District.html?m=66827,3.9,30,,-34.58728,-58.39691,"Avda Corrientes y Pueyrredon, Buenos Aires Argentina",Buenos Aires,,Argentina,,,,"Buenos Aires, Argentina",312741
8545306,Plazoleta Gelly y Obes,https://www.tripadvisor.com/Attraction_Review-g312741-d8545306-Reviews-Plazoleta_Gelly_y_Obes-Buenos_Aires_Capital_Federal_District.html?m=66827,4.1,18,,-34.585262,-58.3965,"Gelly Obes y Guido, Buenos Aires Argentina",Buenos Aires,,Argentina,,,,"Buenos Aires, Argentina",312741
8464539,Monumento a Bartolome Mitre,https://www.tripadvisor.com/Attraction_Review-g312741-d8464539-Reviews-Monumento_a_Bartolome_Mitre-Buenos_Aires_Capital_Federal_District.html?m=66827,4.0,21,,-34.5841,-58.39588,"Plaza Bartolome Mitre, Buenos Aires Argentina",Buenos Aires,,Argentina,,,,"Buenos Aires, Argentina",312741
9874065,Quinta El Ombu,https://www.tripadvisor.com/Attraction_Review-g1450244-d9874065-Reviews-Quinta_El_Ombu-San_Fernando_Province_of_Buenos_Aires_Central_Argentina.html?m=66827,4.5,4,,-34.58337,-58.396564,"Av. del Libertador 600, San Fernando 1646 Argentina",San Fernando,Province of Buenos Aires,Argentina,47462146,,,"Buenos Aires, Argentina",312741
28022460,Juliete Cristine - Turismo no Chile,https://www.tripadvisor.com/Attraction_Review-g294305-d28022460-Reviews-Juliete_Cristine_Turismo_no_Chile-Santiago_Santiago_Metropolitan_Region.html?m=66827,,0,,-33.437737,-70.650566,Santiago Chile,Santiago,,Chile,,https://www.instagram.com/chilecomju/?hl=en,,"Santiago, Chile",294305
27974609,Lari Pelo Chile,https://www.tripadvisor.com/Attraction_Review-g294305-d27974609-Reviews-Lari_Pelo_Chile-Santiago_Santiago_Metropolitan_Region.html?m=66827,5.0,63,,-33.437737,-70.650566,Santiago Chile,Santiago,,Chile,+569 2003 2568,,,"Santiago, Chile",294305
33243762,Quero Viajar Chile,https://www.tripadvisor.com/Attraction_Review-g294305-d33243762-Reviews-Quero_Viajar_Chile-Santiago_Santiago_Metropolitan_Region.html?m=66827,5.0,8,,-33.437737,-70.650566,Santiago Chile,Santiago,,Chile,+56 9 8588 1123,http://www.queroviajarchile.com.br,,"Santiago, Chile",294305
26731237,Free Walking Tour Chile,https://www.tripadvisor.com/Attraction_Review-g294305-d26731237-Reviews-Free_Walking_Tour_Chile-Santiago_Santiago_Metropolitan_Region.html?m=66827,5.0,2,,-33.43758,-70.6514,"Catedral de Santiago de Chile, Santiago 8320000 Chile",Santiago,,Chile,+56 9 3676 7448,https://freewalkingtourchile.com/,,"Santiago, Chile",294305
314520,Metropolitan Cathedral (Catedral Metropolitana),https://www.tripadvisor.com/Attraction_Review-g294305-d314520-Reviews-Metropolitan_Cathedral_Catedral_Metropolitana-Santiago_Santiago_Metropolitan_Regio.html?m=66827,4.4,10386,,-33.43761,-70.65141,"Plaza de Armas 498, Santiago 8320341 Chile",Santiago,,Chile,+56227875600,http://www.santiagocapital.cl/fichas/home/catedral-metropolitana/,,"Santiago, Chile",294305
26627830,Gents Club de Caballeros,https://www.tripadvisor.com/Attraction_Review-g294305-d26627830-Reviews-Gents_Club_de_Caballeros-Santiago_Santiago_Metropolitan_Region.html?m=66827,,0,,-33.437737,-70.650566,"Avenida La Dehesa 1570, Local 18 Lo Barnecheca, Santiago Chile",Santiago,,Chile,+56 9 6684 0911,http://www.gents.cl,,"Santiago, Chile",294305
2012772,Free Walking Tour of Santiago,https://www.tripadvisor.com/Attraction_Review-g294305-d2012772-Reviews-Free_Walking_Tour_of_Santiago-Santiago_Santiago_Metropolitan_Region.html?m=66827,4.8,3342,,-33.437862,-70.650795,Santiago 8320341 Chile,Santiago,,Chile,+56 9 9236 8789,http://www.freetoursantiago.cl,,"Santiago, Chile",294305
314517,Plaza de Armas,https://www.tripadvisor.com/Attraction_Review-g294305-d314517-Reviews-Plaza_de_Armas-Santiago_Santiago_Metropolitan_Region.html?m=66827,4.0,4638,,-33.43791,-70.65109,"Plaza de Armas, Santiago 8320341 Chile",Santiago,,Chile,,http://www.santiagocapital.cl/fichas/home/plaza-de-armas/,,"Santiago, Chile",294305
8677243,Edificio de la Municipalidad de Santiago,https://www.tripadvisor.com/Attraction_Review-g294305-d8677243-Reviews-Edificio_de_la_Municipalidad_de_Santiago-Santiago_Santiago_Metropolitan_Region.html?m=66827,4.2,28,,-33.43749,-70.650696,"Costado norte de la Plaza de Armas, Santiago Chile",Santiago,,Chile,,http://www.municipalidaddesantiago.cl,,"Santiago, Chile",294305
34116681,DarinkaOnTour,https://www.tripadvisor.com/Attraction_Review-g294305-d34116681-Reviews-DarinkaOnTour-Santiago_Santiago_Metropolitan_Region.html?m=66827,,0,,-33.437473,-70.65055,"Santiago de Chile, Santiago Chile",Santiago,,Chile,+56984158894,https://www.instagram.com/darinkaontour/,,"Santiago, Chile",294305
33988530,Parque Media Luna,https://www.tripadvisor.com/Attraction_Review-g294316-d33988530-Reviews-Parque_Media_Luna-Lima_Lima_Region.html?m=66827,,0,,-12.072676,-77.03925,"Parque Media Luna, San Miguel, Lima 15086 Peru",Lima,,Peru,,,,"Lima, Peru",294316
28038754,Kada Travel,https://www.tripadvisor.com/Attraction_Review-g294316-d28038754-Reviews-Kada_Travel-Lima_Lima_Region.html?m=66827,,0,,-12.072676,-77.03925,Lima Peru,Lima,,Peru,+51 985 169 112,https://kadatravel.com/,,"Lima, Peru",294316
28038759,Kada Travel,https://www.tripadvisor.com/Attraction_Review-g294316-d28038759-Reviews-Kada_Travel-Lima_Lima_Region.html?m=66827,,0,,-12.072676,-77.03925,Lima Peru,Lima,,Peru,+51 985 169 112,https://kadatravel.com/,,"Lima, Peru",294316
27518481,Vamos Por Ti Traslados en Silla de Ruedas,https://www.tripadvisor.com/Attraction_Review-g294316-d27518481-Reviews-Vamos_Por_Ti_Traslados_en_Silla_de_Ruedas-Lima_Lima_Region.html?m=66827,5.0,1,,-12.072676,-77.03925,Lima Peru,Lima,,Peru,+51 975 520 317,https://vamosportiperu.com/,,"Lima, Peru",294316
28038762,Kada Travel,https://www.tripadvisor.com/Attraction_Review-g294316-d28038762-Reviews-Kada_Travel-Lima_Lima_Region.html?m=66827,,0,,-12.072676,-77.03925,Lima Peru,Lima,,Peru,+51 985 169 112,http://www.kadatravel.com,,"Lima, Peru",294316
28038758,Kada Travel,https://www.tripadvisor.com/Attraction_Review-g294316-d28038758-Reviews-Kada_Travel-Lima_Lima_Region.html?m=66827,,0,,-12.072676,-77.03925,Lima Peru,Lima,,Peru,+51 985 169 112,https://kadatravel.com/,,"Lima, Peru",294316
28038961,Kada Travel,https://www.tripadvisor.com/Attraction_Review-g294316-d28038961-Reviews-Kada_Travel-Lima_Lima_Region.html?m=66827,,0,,-12.072676,-77.03925,Lima Peru,Lima,,Peru,+51 985 169 112,http://www.kadatravel.com,,"Lima, Peru",294316
28038962,Kada Travel,https://www.tripadvisor.com/Attraction_Review-g294316-d28038962-Reviews-Kada_Travel-Lima_Lima_Region.html?m=66827,,0,,-12.072676,-77.03925,Lima Peru,Lima,,Peru,+51 985 169 112,http://www.kadatravel.com,,"Lima, Peru",294316
28038883,Kada Travel,https://www.tripadvisor.com/Attraction_Review-g294316-d28038883-Reviews-Kada_Travel-Lima_Lima_Region.html?m=66827,,0,,-12.072676,-77.03925,Lima Peru,Lima,,Peru,+51 985 169 112,http://www.kadatravel.com,,"Lima, Peru",294316
28038763,Kada Travel,https://www.tripadvisor.com/Attraction_Review-g294316-d28038763-Reviews-Kada_Travel-Lima_Lima_Region.html?m=66827,,0,,-12.072676,-77.03925,Lima Peru,Lima,,Peru,+51 985 169 112,https://kadatravel.com/,,"Lima, Peru",294316
555219,Puyapatamarca,https://www.tripadvisor.com/Attraction_Review-g294318-d555219-Reviews-Puyapatamarca-Machu_Picchu_Sacred_Valley_Cusco_Region.html?m=66827,4.6,85,,-13.206524,-72.53213,Machu Picchu Peru,Machu Picchu,,Peru,,,,"Machu Picchu, Peru",294318
27459221,Viajeros Felices,https://www.tripadvisor.com/Attraction_Review-g294318-d27459221-Reviews-Viajeros_Felices-Machu_Picchu_Sacred_Valley_Cusco_Region.html?m=66827,5.0,14,,-13.181424,-72.53369,Machu Picchu 08000 Peru,Machu Picchu,,Peru,+51 964 336 835,https://viajerosfelices.com/,,"Machu Picchu, Peru",294318
311715,Inca Trail,https://www.tripadvisor.com/Attraction_Review-g294314-d311715-Reviews-Inca_Trail-Cusco_Cusco_Region.html?m=66827,4.7,2986,,-13.178462,-72.53368,Cusco 08000 Peru,Cusco,,Peru,,,,"Machu Picchu, Peru",294318
548895,Intipuncu,https://www.tripadvisor.com/Attraction_Review-g294318-d548895-Reviews-Intipuncu-Machu_Picchu_Sacred_Valley_Cusco_Region.html?m=66827,4.7,1148,,-13.169682,-72.53394,Machu Picchu Peru,Machu Picchu,,Peru,,,,"Machu Picchu, Peru",294318
776408,Inca Trail,https://www.tripadvisor.com/Attraction_Review-g294318-d776408-Reviews-Inca_Trail-Machu_Picchu_Sacred_Valley_Cusco_Region.html?m=66827,4.7,2249,,-13.172702,-72.53403,Machu Picchu Peru,Machu Picchu,,Peru,(511) 616 7300,,,"Machu Picchu, Peru",294318
550577,The Ruins of Intipata,https://www.tripadvisor.com/Attraction_Review-g294318-d550577-Reviews-The_Ruins_of_Intipata-Machu_Picchu_Sacred_Valley_Cusco_Region.html?m=66827,4.7,88,,-13.186174,-72.54178,Machu Picchu Peru,Machu Picchu,,Peru,,,,"Machu Picchu, Peru",294318
7204965,Inca Bridge,https://www.tripadvisor.com/Attraction_Review-g294318-d7204965-Reviews-Inca_Bridge-Machu_Picchu_Sacred_Valley_Cusco_Region.html?m=66827,4.3,431,,-13.170394,-72.54434,Machu Picchu Peru,Machu Picchu,,Peru,222729,http://www.mapitravel.com,,"Machu Picchu, Peru",294318
19885511,Trek Adventure Machupicchu,https://www.tripadvisor.com/Attraction_Review-g294314-d19885511-Reviews-Trek_Adventure_Machupicchu-Cusco_Cusco_Region.html?m=66827,5.0,22,,-13.165457,-72.54429,"Calle Procuradores N0 394 Plaza de Armas, Cusco 08002 Peru",Cusco,,Peru,+51 968 359 547,http://www.trekadventuremachupicchu.com,,"Machu Picchu, Peru",294318
9712733,Papis Treks,https://www.tripadvisor.com/Attraction_Review-g294314-d9712733-Reviews-Papis_Treks-Cusco_Cusco_Region.html?m=66827,5.0,109,,-13.165306,-72.54464,Cusco 08200 Peru,Cusco,,Peru,+51 953 727 671,http://www.papistreks.com,,"Machu Picchu, Peru",294318
9465702,Tu Viaje Peru - Day Tour,https://www.tripadvisor.com/Attraction_Review-g294314-d9465702-Reviews-Tu_Viaje_Peru_Day_Tour-Cusco_Cusco_Region.html?m=66827,4.7,19,,-13.165333,-72.54479,Cusco 08000 Peru,Cusco,,Peru,+51 994 749 141,http://tuviajeperu.com/,,"Machu Picchu, Peru",294318
26361395,Aventure Colombia,https://www.tripadvisor.com/Attraction_Review-g294074-d26361395-Reviews-Aventure_Colombia-Bogota.html?m=66827,3.5,4,,4.623524,-74.08038,"Av. Jimenez De Quesada #4-49 Oficina 505, Bogota Colombia",Bogota,,Colombia,+57 313 5104856,https://aventurecolombia.com,,"Bogota, Colombia",294074
24173775,Tannit Wine Store & Tasting,https://www.tripadvisor.com/Attraction_Review-g294074-d24173775-Reviews-Tannit_Wine_Store_Tasting-Bogota.html?m=66827,5.0,1,,4.623524,-74.08038,"Cra. 11, #8251 Centro Comercial Andino, Bogota Colombia",Bogota,,Colombia,,http://tannic.com.co/tienda/,,"Bogota, Colombia",294074
19702800,Centro de Convenciones G12,https://www.tripadvisor.com/Attraction_Review-g294074-d19702800-Reviews-Centro_de_Convenciones_G12-Bogota.html?m=66827,,0,,4.624214,-74.083954,"Av. Cdad. de Quito #221 Iglesia MCI, Bogota 111321 Colombia",Bogota,,Colombia,+57 321 4108315,http://mci12.com/,,"Bogota, Colombia",294074
17780485,Centro Wayra,https://www.tripadvisor.com/Attraction_Review-g294074-d17780485-Reviews-Centro_Wayra-Bogota.html?m=66827,,0,,4.62783,-74.08327,"Carrera 32 25a 89 Neighborhood Gran America, Bogota 111321 Colombia",Bogota,,Colombia,+57 318 6494530,http://wayracentro.wixsite.com/home,,"Bogota, Colombia",294074
34078757,Go Dring Factory,https://www.tripadvisor.com/Attraction_Review-g294074-d34078757-Reviews-Go_Dring_Factory-Bogota.html?m=66827,,0,,4.629145,-74.0814,"Carrera 32 A 25 B 75 Torre 4 Local 104, Bogota 111321 Colombia",Bogota,,Colombia,+57 311 8447013,,,"Bogota, Colombia",294074
27981542,La Mecanica,https://www.tripadvisor.com/Attraction_Review-g294074-d27981542-Reviews-La_Mecanica-Bogota.html?m=66827,5.0,3,,4.630642,-74.083786,"Carrera 25 #63f-21, Bogota Colombia",Bogota,,Colombia,+57 350 2970515,https://www.instagram.com/lamecanica_original?igsh=MWNnczB1MGloMjZnNQ%3D%3D&utm_source=qr,,"Bogota, Colombia",294074
25309943,"Cigar Bar, Club Buenos Humos",https://www.tripadvisor.com/Attraction_Review-g294074-d25309943-Reviews-Cigar_Bar_Club_Buenos_Humos-Bogota.html?m=66827,,0,,4.629014,-74.078606,"Cra 28a #39a-18, Bogota 111311 Colombia",Bogota,,Colombia,+57 320 2581410,http://www.clubbuenoshumos.com,,"Bogota, Colombia",294074
9718381,Iglesia de San Alfonso Maria de Ligorio,https://www.tripadvisor.com/Attraction_Review-g294074-d9718381-Reviews-Iglesia_de_San_Alfonso_Maria_de_Ligorio-Bogota.html?m=66827,4.3,4,,4.62793,-74.07774,"Av Caracas 28 39-27 La Soledad, Bogota 111311 Colombia",Bogota,,Colombia,244 2287 ,,,"Bogota, Colombia",294074
15262906,Parque Rafael Pombo,https://www.tripadvisor.com/Attraction_Review-g294074-d15262906-Reviews-Parque_Rafael_Pombo-Bogota.html?m=66827,,0,,4.63165,-74.07764,"Transversal 26B, 40A-91 La Soledad, Bogota Colombia",Bogota,,Colombia,,,,"Bogota, Colombia",294074
9842089,HombreMono,https://www.tripadvisor.com/Attraction_Review-g294074-d9842089-Reviews-HombreMono-Bogota.html?m=66827,,0,,4.62888,-74.07621,"Carrera 25 39 74 Barrio La Soledad, Bogota 111311 Colombia",Bogota,,Colombia,+57 313 3273218,http://www.hombremono.co,,"Bogota, Colombia",294074
23763523,Mala Hierba,https://www.tripadvisor.com/Attraction_Review-g3360208-d23763523-Reviews-Mala_Hierba-Medellin_Cebu_Island_Visayas.html?m=66827,,0,,11.13308,124.00665,"Carrera 74 #39d-16, Medellin Philippines",Medellin,Cebu Island,Visayas,+57 300 5021916,,,"Medellin, Colombia",3360208
12318146,Queen's Island Golf and Resort,https://www.tripadvisor.com/Attraction_Review-g298460-d12318146-Reviews-Queen_s_Island_Golf_and_Resort-Cebu_City_Cebu_Island_Visayas.html?m=66827,3.8,4,,11.135629,123.96574,"Lamintak Sur Medellin, Cebu City 6012 Philippines",Cebu City,Cebu Island,Visayas,+63 917 503 6353,http://www.queensisland.net/english,,"Medellin, Colombia",3360208
24017704,Bamboo Forest,https://www.tripadvisor.com/Attraction_Review-g3360208-d24017704-Reviews-Bamboo_Forest-Medellin_Cebu_Island_Visayas.html?m=66827,3.5,2,,11.109891,123.964455,"Brgy. Luy-a, Medellin 6012 Philippines",Medellin,Cebu Island,Visayas,,,,"Medellin, Colombia",3360208
22981956,Lessandra Bogo,https://www.tripadvisor.com/Attraction_Review-g1514543-d22981956-Reviews-Lessandra_Bogo-Bogo_Cebu_Island_Visayas.html?m=66827,,0,,11.052547,123.97837,"Brgy. Cayang, Bogo Philippines",Bogo,Cebu Island,Visayas,+63 917 883 4097,http://lessandra.com.ph,,"Medellin, Colombia",3360208
17690040,Orongan Beach resort,https://www.tripadvisor.com/Attraction_Review-g2472147-d17690040-Reviews-Orongan_Beach_resort-San_Remigio_Cebu_Island_Visayas.html?m=66827,3.1,7,,11.0858,123.93482,"Brgy. Anapag Danao - San Remigio Road, San Remigio 6011 Philippines",San Remigio,Cebu Island,Visayas,+63 910 402 7990,,,"Medellin, Colombia",3360208
33324350,Tripbox Souvenir,https://www.tripadvisor.com/Attraction_Review-g298461-d33324350-Reviews-Tripbox_Souvenir-Lapu_Lapu_Mactan_Island_Cebu_Island_Visayas.html?m=66827,,0,,11.079695,123.93627,"8269+cg, Lapu-lapu, 6015 Cebu Promenade Mactan, Lapu Lapu 6015 Philippines",Lapu Lapu,Cebu Island,Visayas,,https://www.instagram.com/p/dmcm7nbpc2q/,,"Medellin, Colombia",3360208
13197276,Our Lady of Remedios Church,https://www.tripadvisor.com/Attraction_Review-g1514543-d13197276-Reviews-Our_Lady_of_Remedios_Church-Bogo_Cebu_Island_Visayas.html?m=66827,4.5,2,,11.19631,124.03568,"Brgy. Odlot Road Odlot, Bogo 6010 Philippines",Bogo,Cebu Island,Visayas,,,,"Medellin, Colombia",3360208
3262161,Gibitngil Island,https://www.tripadvisor.com/Attraction_Review-g3360208-d3262161-Reviews-Gibitngil_Island-Medellin_Cebu_Island_Visayas.html?m=66827,3.7,21,,11.184192,123.917244,Medellin Philippines,Medellin,Cebu Island,Visayas,,,,"Medellin, Colombia",3360208
25070687,Balay Pandan,https://www.tripadvisor.com/Attraction_Review-g2472147-d25070687-Reviews-Balay_Pandan-San_Remigio_Cebu_Island_Visayas.html?m=66827,,0,,11.029635,123.91088,"Anapog, San Remigio 6011 Philippines",San Remigio,Cebu Island,Visayas,+63 32 416 1674,,,"Medellin, Colombia",3360208
25456402,Gin&Tonic Bar,https://www.tripadvisor.com/Attraction_Review-g188590-d25456402-Reviews-Gin_Tonic_Bar-Amsterdam_North_Holland_Province.html?m=66827,5.0,3,,52.37,4.89,"Kinkerbuurt, 1053 EE Amsterdam, Amsterdam The Netherlands",Amsterdam,North Holland Province,The Netherlands,,,,"Amsterdam, Netherlands",188590
267046,Amsterdam Gallery,https://www.tripadvisor.com/Attraction_Review-g188590-d267046-Reviews-Amsterdam_Gallery-Amsterdam_North_Holland_Province.html?m=66827,4.3,81,,52.370163,4.890744,"Kalverstraat 92, 1012 PH Amsterdam The Netherlands",Amsterdam,North Holland Province,The Netherlands,+31 20 523 1822,http://www.amsterdammuseum.nl,,"Amsterdam, Netherlands",188590
27107845,Skinny Bridge,https://www.tripadvisor.com/Attraction_Review-g188590-d27107845-Reviews-Skinny_Bridge-Amsterdam_North_Holland_Province.html?m=66827,,0,,52.37,4.89,"Magere Brug, 1018 EG Amsterdam, Netherlands, Amsterdam The Netherlands",Amsterdam,North Holland Province,The Netherlands,,,,"Amsterdam, Netherlands",188590
26696660,Stadswandeling Ode aan Amsterdam,https://www.tripadvisor.com/Attraction_Review-g188590-d26696660-Reviews-Stadswandeling_Ode_aan_Amsterdam-Amsterdam_North_Holland_Province.html?m=66827,,0,,52.37,4.89,"Dam, 1012 NP Amsterdam, Amsterdam The Netherlands",Amsterdam,North Holland Province,The Netherlands,,,,"Amsterdam, Netherlands",188590
15513664,De Posthumus Winkel,https://www.tripadvisor.com/Attraction_Review-g188590-d15513664-Reviews-De_Posthumus_Winkel-Amsterdam_North_Holland_Province.html?m=66827,4.2,11,,52.3706,4.89087,"Sint Luciensteeg 23-25, 1012 PM Amsterdam The Netherlands",Amsterdam,North Holland Province,The Netherlands,+31 20 625 5812,http://posthumuswinkel.nl,,"Amsterdam, Netherlands",188590
28437824,Moleskine,https://www.tripadvisor.com/Attraction_Review-g188590-d28437824-Reviews-Moleskine-Amsterdam_North_Holland_Province.html?m=66827,1.0,1,,52.370342,4.891373,"Kalverstraat 98, Amsterdam The Netherlands",Amsterdam,North Holland Province,The Netherlands,+31 20 737 3206,http://www.moleskine.com,,"Amsterdam, Netherlands",188590
189392,Kalverstraat,https://www.tripadvisor.com/Attraction_Review-g188590-d189392-Reviews-Kalverstraat-Amsterdam_North_Holland_Province.html?m=66827,3.6,458,,52.37005,4.891403,"Kalverstraat, Amsterdam The Netherlands",Amsterdam,North Holland Province,The Netherlands,+31 20 840 4000,http://www.uniqlo.com/nl,,"Amsterdam, Netherlands",188590
27189199,Hofkerk (1929),https://www.tripadvisor.com/Attraction_Review-g188590-d27189199-Reviews-Hofkerk_1929-Amsterdam_North_Holland_Province.html?m=66827,5.0,1,,52.37,4.89,"Linnaeushof 941, 1098 KT Amsterdam The Netherlands",Amsterdam,North Holland Province,The Netherlands,+31 20 665 3830,http://www.hofkerk.amsterdam,,"Amsterdam, Netherlands",188590
27935066,Those Dam Boat Guys,https://www.tripadvisor.com/Attraction_Review-g188590-d27935066-Reviews-Those_Dam_Boat_Guys-Amsterdam_North_Holland_Province.html?m=66827,4.9,5643,,52.37,4.89,Amsterdam The Netherlands,Amsterdam,North Holland Province,The Netherlands,+31 20 210 1669,https://www.facebook.com/thosedamboatguys/,,"Amsterdam, Netherlands",188590
244498,Begijnhof,https://www.tripadvisor.com/Attraction_Review-g188590-d244498-Reviews-Begijnhof-Amsterdam_North_Holland_Province.html?m=66827,4.3,4672,,52.369465,4.890352,"Begijnhof 1, 1012 WS Amsterdam The Netherlands",Amsterdam,North Holland Province,The Netherlands,+31 20 622 1918,https://begijnhofkapelamsterdam.nl/english-information/,,"Amsterdam, Netherlands",188590
6353346,Grand Casino Brussels - Viage,https://www.tripadvisor.com/Attraction_Review-g188644-d6353346-Reviews-Grand_Casino_Brussels_Viage-Brussels.html?m=66827,3.2,106,,50.849808,4.351608,"Boulevard Anspach 30, Brussels 1000 Belgium",Brussels,,Belgium,+32 2 300 01 00,http://www.viage.be,,"Brussels, Belgium",188644
9842555,Anspach Shopping,https://www.tripadvisor.com/Attraction_Review-g188644-d9842555-Reviews-Anspach_Shopping-Brussels.html?m=66827,3.7,26,,50.84965,4.35197,"Boulevard Anspach 24, Brussels 1000 Belgium",Brussels,,Belgium,+32 2 211 40 60,http://www.anspach-brussels.be,,"Brussels, Belgium",188644
15292359,Standaard Boekhandel,https://www.tripadvisor.com/Attraction_Review-g188644-d15292359-Reviews-Standaard_Boekhandel-Brussels.html?m=66827,2.5,4,,50.84994,4.35172,"Anspachlaan 28, Brussels 1000 Belgium",Brussels,,Belgium,+32 2 217 56 42,http://www2.standaardboekhandel.be,,"Brussels, Belgium",188644
20224743,The Park,https://www.tripadvisor.com/Attraction_Review-g188644-d20224743-Reviews-The_Park-Brussels.html?m=66827,,0,,50.85004,4.351677,"Anspachlaan 24, Brussels 1000 Belgium",Brussels,,Belgium,,https://theparkplayground.com/en/cities/brussels/,,"Brussels, Belgium",188644
26397560,Gamestate,https://www.tripadvisor.com/Attraction_Review-g188644-d26397560-Reviews-Gamestate-Brussels.html?m=66827,3.0,4,,50.849754,4.350696,"Bd Anspach 13, Brussels Belgium",Brussels,,Belgium,+32 2 592 00 84,,,"Brussels, Belgium",188644
13001862,Prestige Limousine,https://www.tripadvisor.com/Attraction_Review-g188644-d13001862-Reviews-Prestige_Limousine-Brussels.html?m=66827,5.0,1,,50.850346,4.351721,Brussels 1020 Belgium,Brussels,,Belgium,+32 499 83 08 30,http://www.limousine-prestige.be,,"Brussels, Belgium",188644
28436036,Darkom Chicha,https://www.tripadvisor.com/Attraction_Review-g188644-d28436036-Reviews-Darkom_Chicha-Brussels.html?m=66827,,0,,50.85231,4.35249,"Rue Des Hirondelles 7, Brussels 1000 Belgium",Brussels,,Belgium,+32 485 81 85 84,https://www.facebook.com/258165974777931,,"Brussels, Belgium",188644
24075059,Banksy Museum - Brussels,https://www.tripadvisor.com/Attraction_Review-g188644-d24075059-Reviews-Banksy_Museum_Brussels-Brussels.html?m=66827,4.4,75,,50.852043,4.350771,"28 Rue De Laeken, Brussels 1000 Belgium",Brussels,,Belgium,+32 2 649 49 83,http://theworldofbanksy.be,,"Brussels, Belgium",188644
28199986,58 Rooftop Brussel,https://www.tripadvisor.com/Attraction_Review-g188644-d28199986-Reviews-58_Rooftop_Brussel-Brussels.html?m=66827,3.7,21,,50.8506,4.3507,"Rue De L'eveque 1, Brussels 1000 Belgium",Brussels,,Belgium,,,,"Brussels, Belgium",188644
7100947,La Tentation,https://www.tripadvisor.com/Attraction_Review-g188644-d7100947-Reviews-La_Tentation-Brussels.html?m=66827,4.6,13,,50.85201,4.35077,"Rue de Laeken 28, Brussels 1000 Belgium",Brussels,,Belgium,+32 2 223 22 75,http://www.latentation.be,,"Brussels, Belgium",188644
27015958,Notre Dame Arena,https://www.tripadvisor.com/Attraction_Review-g46025-d27015958-Reviews-Notre_Dame_Arena-Berlin_New_Hampshire.html?m=66827,,0,,44.473442,-71.18597,"15 Hillside Ave, Berlin, NH 03570-1811",Berlin,New Hampshire,United States,+1 603-752-4100,http://www.notredamearena.org,,"Berlin, Germany",46025
12879007,Jericho Mountain State Park,https://www.tripadvisor.com/Attraction_Review-g46025-d12879007-Reviews-Jericho_Mountain_State_Park-Berlin_New_Hampshire.html?m=66827,4.9,14,,44.48616,-71.20527,"298 Jericho Lake Rd, Berlin, NH 03570",Berlin,New Hampshire,United States,+1 603-271-3252,http://www.nhstateparks.org/explore/state-parks/jericho-mountain-state-park.aspx,,"Berlin, Germany",46025
14838267,Berlin Fish Hatchery,https://www.tripadvisor.com/Attraction_Review-g46025-d14838267-Reviews-Berlin_Fish_Hatchery-Berlin_New_Hampshire.html?m=66827,3.5,2,,44.51424,-71.3018,"3783 York Pond Rd, Berlin, NH 03570",Berlin,New Hampshire,United States,+1 603-449-3412,https://wildlife.state.nh.us/about/visit.html,,"Berlin, Germany",46025
14202742,Make Your Own Rings LJ Studio Metalsmith,https://www.tripadvisor.com/Attraction_Review-g46025-d14202742-Reviews-Make_Your_Own_Rings_LJ_Studio_Metalsmith-Berlin_New_Hampshire.html?m=66827,5.0,1,,44.46679,-71.18411,"38 Glen Ave Suite 105 in shared makerstudio behind Aubuchon Hardware, Berlin, NH 03570-1943",Berlin,New Hampshire,United States,+1 603-723-1004,https://www.assemblenh.com/,,"Berlin, Germany",46025
14202293,Assemble Artisan Studios,https://www.tripadvisor.com/Attraction_Review-g46025-d14202293-Reviews-Assemble_Artisan_Studios-Berlin_New_Hampshire.html?m=66827,,0,,44.46679,-71.18411,"38 Glen Ave Suite 105, Berlin, NH 03570-1943",Berlin,New Hampshire,United States,+1 603-631-5988,http://www.assemblenh.com,,"Berlin, Germany",46025
2476402,Local Works Berlin Farmers’ Market,https://www.tripadvisor.com/Attraction_Review-g46025-d2476402-Reviews-Local_Works_Berlin_Farmers_Market-Berlin_New_Hampshire.html?m=66827,4.0,6,,44.469616,-71.18255,"52 Main St Rt. 16 S, Berlin, NH 03570-2495",Berlin,New Hampshire,United States,+1 603-752-0060,http://www.wrenworks.org,,"Berlin, Germany",46025
27070893,TreeCity Arts,https://www.tripadvisor.com/Attraction_Review-g46025-d27070893-Reviews-TreeCity_Arts-Berlin_New_Hampshire.html?m=66827,,0,,44.46925,-71.18252,"112 Pleasant St, Berlin, NH 03570-2043",Berlin,New Hampshire,United States,+1 603-631-0166,http://treecityarts.org/,,"Berlin, Germany",46025
12221961,North Country Bowling,https://www.tripadvisor.com/Attraction_Review-g46025-d12221961-Reviews-North_Country_Bowling-Berlin_New_Hampshire.html?m=66827,4.4,7,,44.47193,-71.17826,"283 Main St, Berlin, NH 03570-2464",Berlin,New Hampshire,United States,+1 603-752-5250,https://www.northcountrybowling.com/,,"Berlin, Germany",46025
27008272,"Northwoods Casino, LLC",https://www.tripadvisor.com/Attraction_Review-g46025-d27008272-Reviews-Northwoods_Casino_LLC-Berlin_New_Hampshire.html?m=66827,,0,,44.473267,-71.18194,"155 Emery St, Berlin, NH 03570-2055",Berlin,New Hampshire,United States,+1 603-723-9550,https://www.facebook.com/789365074588020,,"Berlin, Germany",46025
27083962,Moffett House Museum,https://www.tripadvisor.com/Attraction_Review-g46025-d27083962-Reviews-Moffett_House_Museum-Berlin_New_Hampshire.html?m=66827,,0,,44.47386,-71.18013,"119 High St, Berlin, NH 03570-2062",Berlin,New Hampshire,United States,+1 603-752-4590,http://www.berlinnhhistoricalsociety.org/museum-hours-and-things-to-see-2,,"Berlin, Germany",46025
14109617,Bikram Hot Yoga,https://www.tripadvisor.com/Attraction_Review-g187309-d14109617-Reviews-Bikram_Hot_Yoga-Munich_Upper_Bavaria_Bavaria.html?m=66827,,0,,48.13642,11.57865,"Tal 9, 80331 Munich, Bavaria Germany",Munich,Bavaria,Germany,+49 177 4019232,http://bikramyogaimtal.de/,,"Munich, Germany",187309
14416868,Merkurbrunnen,https://www.tripadvisor.com/Attraction_Review-g187309-d14416868-Reviews-Merkurbrunnen-Munich_Upper_Bavaria_Bavaria.html?m=66827,3.0,4,,48.13638,11.57884,"Tal 11 Corner with Radlsteg, 80331 Munich, Bavaria Germany",Munich,Bavaria,Germany,,,,"Munich, Germany",187309
27157596,St. Georg (Ingenried),https://www.tripadvisor.com/Attraction_Review-g17706390-d27157596-Reviews-St_Georg_Ingenried-Ingenried_Upper_Bavaria_Bavaria.html?m=66827,5.0,1,,48.13641,11.57753,"Kirchstrasse 2, Ingenried, Bavaria Germany",Ingenried,Bavaria,Germany,,,,"Munich, Germany",187309
25246584,Die Stadtdetektive,https://www.tripadvisor.com/Attraction_Review-g187309-d25246584-Reviews-Die_Stadtdetektive-Munich_Upper_Bavaria_Bavaria.html?m=66827,5.0,1,,48.13641,11.57753,"Adelheidstr. 24, 80798 Munich, Bavaria Germany",Munich,Bavaria,Germany,+49 89 27375637,http://www.facebook.com/stadtdetektive,,"Munich, Germany",187309
25350484,AIRTIME - Trampoline Nurnberg,https://www.tripadvisor.com/Attraction_Review-g187310-d25350484-Reviews-AIRTIME_Trampoline_Nurnberg-Nuremberg_Middle_Franconia_Franconia_Bavaria.html?m=66827,,0,,48.13641,11.57753,"Klingenhofstrasse 70, 90411 Nuremberg, Bavaria Germany",Nuremberg,Bavaria,Germany,+49 911 3104100,https://airtimetrampolin.de/en/start/,,"Munich, Germany",187309
10842334,DinnerHopping,https://www.tripadvisor.com/Attraction_Review-g187309-d10842334-Reviews-DinnerHopping-Munich_Upper_Bavaria_Bavaria.html?m=66827,4.9,50,,48.13651,11.577465,"Tal 1 Bushaltestelle Marienplatz, 80331 Munich, Bavaria Germany",Munich,Bavaria,Germany,+49 8122 4799310,https://dinnerhopping.de/,,"Munich, Germany",187309
24817941,Skulpturenpark Skulpturachse Tennenlohe,https://www.tripadvisor.com/Attraction_Review-g187305-d24817941-Reviews-Skulpturenpark_Skulpturachse_Tennenlohe-Erlangen_Middle_Franconia_Franconia_Bava.html?m=66827,5.0,1,,48.13641,11.57753,"Sebastianstrasse Wiese An Der Wied Und Löschweiher Bushaltestelle Skulpturenpark Tennenlohe, 91058 Erlangen, Bavaria Germany",Erlangen,Bavaria,Germany,,http://www.kunstkreis-tennenlohe.de/skulpturenpark-an-der-wied-.html,,"Munich, Germany",187309
26103564,Lebenshofalpakas,https://www.tripadvisor.com/Attraction_Review-g4840006-d26103564-Reviews-Lebenshofalpakas-Ziemetshausen_Swabia_Bavaria.html?m=66827,,0,,48.13641,11.57753,"St. - Josef- Str. 26, 86473 Ziemetshausen, Bavaria Germany",Ziemetshausen,Bavaria,Germany,+49 173 6930024,http://www.lebenshofalpakas.de,,"Munich, Germany",187309
25003609,Fly Station Munich,https://www.tripadvisor.com/Attraction_Review-g187309-d25003609-Reviews-Fly_Station_Munich-Munich_Upper_Bavaria_Bavaria.html?m=66827,,0,,48.13641,11.57753,"Bajuwarenstrasse, Munich, Bavaria Germany",Munich,Bavaria,Germany,,https://www.flystationmunich.com/,,"Munich, Germany",187309
26223553,Figurentheater Maatz,https://www.tripadvisor.com/Attraction_Review-g198534-d26223553-Reviews-Figurentheater_Maatz-Ettlingen_Baden_Wurttemberg.html?m=66827,,0,,48.13641,11.57753,"Ettlingen, Baden-Wurttemberg Germany",Ettlingen,Baden-Wurttemberg,Germany,+49 176 63313060,http://www.figurentheater-maatz.de,,"Munich, Germany",187309
23971001,Nehera,https://www.tripadvisor.com/Attraction_Review-g190454-d23971001-Reviews-Nehera-Vienna.html?m=66827,4.0,1,,48.20973,16.372429,"Bauernmarkt 8/1010, Vienna 1010 Austria",Vienna,,Austria,+43 1 3992858,http://nehera.com/,,"Vienna, Austria",190454
15221979,World of Souvenirs,https://www.tripadvisor.com/Attraction_Review-g190454-d15221979-Reviews-World_of_Souvenirs-Vienna.html?m=66827,3.6,19,,48.20918,16.37255,"Stephansplatz 8, Vienna 1010 Austria",Vienna,,Austria,,,,"Vienna, Austria",190454
25352975,Palais Trautson,https://www.tripadvisor.com/Attraction_Review-g190454-d25352975-Reviews-Palais_Trautson-Vienna.html?m=66827,4.0,2,,48.208862,16.372383,"Museumstrasse, Vienna 1070 Austria",Vienna,,Austria,,,,"Vienna, Austria",190454
25310910,30 Gumpendorfer Strasse Building,https://www.tripadvisor.com/Attraction_Review-g190454-d25310910-Reviews-30_Gumpendorfer_Strasse_Building-Vienna.html?m=66827,5.0,1,,48.208862,16.372383,"Gumpendorfer Strasse, Vienna 1060 Austria",Vienna,,Austria,,,,"Vienna, Austria",190454
12954374,Airport Taxi Wien,https://www.tripadvisor.com/Attraction_Review-g190454-d12954374-Reviews-Airport_Taxi_Wien-Vienna.html?m=66827,4.2,18,,48.20972,16.37283,"Kaiser-Ebersdorfer Strasse 212, Vienna 1110 Austria",Vienna,,Austria,+43 660 3919367,http://www.airport-taxi-wien.com/,,"Vienna, Austria",190454
5571373,Manner Shop,https://www.tripadvisor.com/Attraction_Review-g190454-d5571373-Reviews-Manner_Shop-Vienna.html?m=66827,4.3,434,,48.20914,16.373043,"Stephansplatz 7 St. Nikolausstiftung, Vienna 1010 Austria",Vienna,,Austria,+43 1 5137018,https://www.manner.com/de-AT,,"Vienna, Austria",190454
33374406,Erzbischofliches Palais,https://www.tripadvisor.com/Attraction_Review-g190454-d33374406-Reviews-Erzbischofliches_Palais-Vienna.html?m=66827,4.0,1,,48.20917,16.373224,"Rotenturmstrasse 2, Vienna 1010 Austria",Vienna,,Austria,,,,"Vienna, Austria",190454
25343382,Embassy Of France Building,https://www.tripadvisor.com/Attraction_Review-g190454-d25343382-Reviews-Embassy_Of_France_Building-Vienna.html?m=66827,5.0,2,,48.208862,16.372383,"Technikerstrasse, Vienna 1040 Austria",Vienna,,Austria,,,,"Vienna, Austria",190454
25264394,Petersplatz,https://www.tripadvisor.com/Attraction_Review-g190454-d25264394-Reviews-Petersplatz-Vienna.html?m=66827,5.0,2,,48.208862,16.372383,"Petersplatz, Vienna 1010 Austria",Vienna,,Austria,,,,"Vienna, Austria",190454
25326384,Wachterin Sculpture,https://www.tripadvisor.com/Attraction_Review-g190454-d25326384-Reviews-Wachterin_Sculpture-Vienna.html?m=66827,4.0,2,,48.208862,16.372383,"Universitaetsring, Vienna 1010 Austria",Vienna,,Austria,,,,"Vienna, Austria",190454
19126770,Dj Bar Tattoo,https://www.tripadvisor.com/Attraction_Review-g274707-d19126770-Reviews-Dj_Bar_Tattoo-Prague_Bohemia.html?m=66827,5.0,1,,50.077335,14.427924,"47, 1, Zitna 1675/39, Prague 110 00 Czech Republic",Prague,,Czech Republic,,,,"Prague, Czech Republic",274707
33342588,May Studio,https://www.tripadvisor.com/Attraction_Review-g274707-d33342588-Reviews-May_Studio-Prague_Bohemia.html?m=66827,,0,,50.077305,14.427943,"Zitna 1675/39, Prague 11000 Czech Republic",Prague,,Czech Republic,+420 775 226 386,https://www.maystudio.cz,,"Prague, Czech Republic",274707
26209275,Kaleean Lounge Bar,https://www.tripadvisor.com/Attraction_Review-g1638407-d26209275-Reviews-Kaleean_Lounge_Bar-Nove_Mesto_na_Morave_Vysocina_Region_Moravia.html?m=66827,,0,,50.07744,14.428026,Nove Mesto na Morave 110 00 Czech Republic,Nove Mesto na Morave,,Czech Republic,+420 737 559 449,https://kaleean.com/,,"Prague, Czech Republic",274707
24027798,Tribute To Women Statue,https://www.tripadvisor.com/Attraction_Review-g274707-d24027798-Reviews-Tribute_To_Women_Statue-Prague_Bohemia.html?m=66827,5.0,3,,50.076847,14.427817,"Narodni, Prague 11000 Czech Republic",Prague,,Czech Republic,,,,"Prague, Czech Republic",274707
25421495,Radnicke Schody,https://www.tripadvisor.com/Attraction_Review-g274707-d25421495-Reviews-Radnicke_Schody-Prague_Bohemia.html?m=66827,3.0,4,,50.076847,14.427817,"Radnicke Schody, Prague 11800 Czech Republic",Prague,,Czech Republic,,,,"Prague, Czech Republic",274707
26451422,Pohadka,https://www.tripadvisor.com/Attraction_Review-g274707-d26451422-Reviews-Pohadka-Prague_Bohemia.html?m=66827,,0,,50.076847,14.427817,"Celetna 568/32, Prague 11000 Czech Republic",Prague,,Czech Republic,+420 224 239 469,https://eshop.ceskehracky.com/cs/,,"Prague, Czech Republic",274707
24000555,19 Malostranske Namesti Building,https://www.tripadvisor.com/Attraction_Review-g274707-d24000555-Reviews-19_Malostranske_Namesti_Building-Prague_Bohemia.html?m=66827,5.0,3,,50.076847,14.427817,"Malostranske Namesti, Prague 18000 Czech Republic",Prague,,Czech Republic,,,,"Prague, Czech Republic",274707
27110059,Cannabis store,https://www.tripadvisor.com/Attraction_Review-g274707-d27110059-Reviews-Cannabis_store-Prague_Bohemia.html?m=66827,,0,,50.076847,14.427817,"Maiselova 76/12, Prague 11000 Czech Republic",Prague,,Czech Republic,+420 777 147 452,,,"Prague, Czech Republic",274707
25402223,Prague Meridian Line,https://www.tripadvisor.com/Attraction_Review-g274707-d25402223-Reviews-Prague_Meridian_Line-Prague_Bohemia.html?m=66827,5.0,3,,50.076847,14.427817,"Staromestske Namesti, Prague 11000 Czech Republic",Prague,,Czech Republic,,,,"Prague, Czech Republic",274707
25421534,Third Castle Courtyard,https://www.tripadvisor.com/Attraction_Review-g274707-d25421534-Reviews-Third_Castle_Courtyard-Prague_Bohemia.html?m=66827,5.0,3,,50.076847,14.427817,"Treating Nadvori Prazskeho, Prague 11900 Czech Republic",Prague,,Czech Republic,,,,"Prague, Czech Republic",274707
26858548,34 Vaci Utca Building,https://www.tripadvisor.com/Attraction_Review-g274887-d26858548-Reviews-34_Vaci_Utca_Building-Budapest_Central_Hungary.html?m=66827,5.0,2,,47.49346,19.0507,"Vaci Utca, Budapest 1052 Hungary",Budapest,,Hungary,,,,"Budapest, Hungary",274887
26867189,Ferenc Erkel Statue,https://www.tripadvisor.com/Attraction_Review-g274887-d26867189-Reviews-Ferenc_Erkel_Statue-Budapest_Central_Hungary.html?m=66827,4.5,2,,47.49346,19.0507,"Andrassy Utca, Budapest 1061 Hungary",Budapest,,Hungary,,,,"Budapest, Hungary",274887
26866318,Zielinski Bridge,https://www.tripadvisor.com/Attraction_Review-g274887-d26866318-Reviews-Zielinski_Bridge-Budapest_Central_Hungary.html?m=66827,4.5,2,,47.49346,19.0507,"Kos Karoly Stny, Budapest 1146 Hungary",Budapest,,Hungary,,,,"Budapest, Hungary",274887
32881767,Wardrobe Stories,https://www.tripadvisor.com/Attraction_Review-g274887-d32881767-Reviews-Wardrobe_Stories-Budapest_Central_Hungary.html?m=66827,,0,,47.49379,19.050901,"Galamb utca 6., Budapest 1052 Hungary",Budapest,,Hungary,+36 30 427 0119,https://www.facebook.com/p/Wardrobe-Stories-61560059904928/,,"Budapest, Hungary",274887
2225396,Yellow Zebra Budapest,https://www.tripadvisor.com/Attraction_Review-g274887-d2225396-Reviews-Yellow_Zebra_Budapest-Budapest_Central_Hungary.html?m=66827,4.9,2033,,47.494095,19.05074,"Regi posta utca 2 Yellow Zebra Bikes & Segways, Budapest 1052 Hungary",Budapest,,Hungary,+36 70 565 6115,https://www.yellowzebratours.com/,,"Budapest, Hungary",274887
12522224,Le Bonbons,https://www.tripadvisor.com/Attraction_Review-g274887-d12522224-Reviews-Le_Bonbons-Budapest_Central_Hungary.html?m=66827,3.0,1,,47.49377,19.051302,"Galamb utca 7., Budapest 1052 Hungary",Budapest,,Hungary,+36 30 500 7188,https://www.facebook.com/lebonbonsofficial/,,"Budapest, Hungary",274887
9587131,Well Thais Massage,https://www.tripadvisor.com/Attraction_Review-g274887-d9587131-Reviews-Well_Thais_Massage-Budapest_Central_Hungary.html?m=66827,5.0,46,,47.49362,19.051392,"Galamb utca 9., Budapest 1052 Hungary",Budapest,,Hungary,+36 70 561 6731,https://www.facebook.com/wellthaismassage/,,"Budapest, Hungary",274887
12718486,Drink Bar,https://www.tripadvisor.com/Attraction_Review-g274887-d12718486-Reviews-Drink_Bar-Budapest_Central_Hungary.html?m=66827,3.3,3,,47.4936,19.05144,"Galamb utca 5., Budapest 1053 Hungary",Budapest,,Hungary,+36 70 328 0556,https://www.facebook.com/drinkbarhungary/,,"Budapest, Hungary",274887
16805184,PARADISE TRAVEL,https://www.tripadvisor.com/Attraction_Review-g274887-d16805184-Reviews-PARADISE_TRAVEL-Budapest_Central_Hungary.html?m=66827,,0,,47.49402,19.05126,"Regi posta utca 5, Budapest 1052 Hungary",Budapest,,Hungary,+36 20 444 2444,http://www.paradisetravel.hu,,"Budapest, Hungary",274887
26859114,Saint Stephen Statue,https://www.tripadvisor.com/Attraction_Review-g274887-d26859114-Reviews-Saint_Stephen_Statue-Budapest_Central_Hungary.html?m=66827,5.0,2,,47.49346,19.0507,"Hosok Tere, Budapest Hungary",Budapest,,Hungary,,,,"Budapest, Hungary",274887
13475362,Pestalozzianlage,https://www.tripadvisor.com/Attraction_Review-g188113-d13475362-Reviews-Pestalozzianlage-Zurich.html?m=66827,3.6,9,,47.37555,8.53878,"Pestalozzianlage, Zurich 8001 Switzerland",Zurich,,Switzerland,,https://www.stadt-zuerich.ch/de/stadtleben/sport-und-erholung/park-und-gruenanlagen/pestalozzianlage.html,,"Zurich, Switzerland",188113
25384996,Tida Thai Massage,https://www.tripadvisor.com/Attraction_Review-g188113-d25384996-Reviews-Tida_Thai_Massage-Zurich.html?m=66827,,0,,47.374664,8.539639,"Sumatrastrasse 25, Zurich 8006 Switzerland",Zurich,,Switzerland,+41 44 500 50 88,http://tida-thai-massage.ch/,,"Zurich, Switzerland",188113
13395977,Yves Rocher,https://www.tripadvisor.com/Attraction_Review-g188113-d13395977-Reviews-Yves_Rocher-Zurich.html?m=66827,,0,,47.37584,8.53952,"Bahnhofstr. 92, Zurich 8001 Switzerland",Zurich,,Switzerland,+41 44 221 34 77,http://storelocator.yves-rocher.com/de/europe/switzerland/zurich/zurich/zuerich-city-institut/,,"Zurich, Switzerland",188113
8782909,Swiss Travel Guide,https://www.tripadvisor.com/Attraction_Review-g188113-d8782909-Reviews-Swiss_Travel_Guide-Zurich.html?m=66827,4.3,173,,47.37635,8.53928,Zurich Switzerland,Zurich,,Switzerland,+41 79 444 77 37,http://www.swisstravelguide.ch,,"Zurich, Switzerland",188113
32837779,Pestalozzi-Denkmal,https://www.tripadvisor.com/Attraction_Review-g188113-d32837779-Reviews-Pestalozzi_Denkmal-Zurich.html?m=66827,4.0,2,,47.375626,8.538736,"Lintheschergasse 10, Zurich 8000 Switzerland",Zurich,,Switzerland,,https://kunstbestand.stadt-zuerich.ch/de/collection/item/945/,,"Zurich, Switzerland",188113
23048902,Outdoor Escape Games Schweiz,https://www.tripadvisor.com/Attraction_Review-g188113-d23048902-Reviews-Outdoor_Escape_Games_Schweiz-Zurich.html?m=66827,4.6,5,,47.37618,8.53848,"Predigerplatz 22, 8001 Zurich Innenhof Sams Pizza, Zurich 8001 Switzerland",Zurich,,Switzerland,+41 43 321 90 00,https://zurich.outdoor-escape-games.ch/en/,,"Zurich, Switzerland",188113
8698169,Amtshaus,https://www.tripadvisor.com/Attraction_Review-g188113-d8698169-Reviews-Amtshaus-Zurich.html?m=66827,4.1,9,,47.37465,8.53794,"Uraniastrasse, Zurich 8001 Switzerland",Zurich,,Switzerland,,http://www.stadt-zuerich.ch/geodaten/download/amtshaus,,"Zurich, Switzerland",188113
13399897,Clarins Boutique & Skin Spa,https://www.tripadvisor.com/Attraction_Review-g188113-d13399897-Reviews-Clarins_Boutique_Skin_Spa-Zurich.html?m=66827,,0,,47.3751,8.53686,"Gerbergasse 6, Zurich 8001 Switzerland",Zurich,,Switzerland,+41 22 884 17 44,http://www.clarins.ch/fr/zurich-boutique-spa-gerbergasse.html,,"Zurich, Switzerland",188113
20170153,Laderach Zurich ShopVille Lowenpassage,https://www.tripadvisor.com/Attraction_Review-g188113-d20170153-Reviews-Laderach_Zurich_ShopVille_Lowenpassage-Zurich.html?m=66827,,0,,47.37509,8.53643,"Passage Loewenstrasse, Zurich 8001 Switzerland",Zurich,,Switzerland,+41 44 212 18 48,https://www.laderach.com/en/locations/location-details/z%C3%BCrich-shopville-l%C3%B6wenpassage-z%C3%BCrich,,"Zurich, Switzerland",188113
23693628,Elizza & Co,https://www.tripadvisor.com/Attraction_Review-g188113-d23693628-Reviews-Elizza_Co-Zurich.html?m=66827,,0,,47.375957,8.536918,"Lowenstrasse 43, Zurich 8001 Switzerland",Zurich,,Switzerland,+41 44 211 47 47,http://www.elizza.ch/en/,,"Zurich, Switzerland",188113
12986772,Lake City Hobby,https://www.tripadvisor.com/Attraction_Review-g47777-d12986772-Reviews-Lake_City_Hobby-Geneva_Finger_Lakes_New_York.html?m=66827,4.5,2,,42.868164,-76.981155,"437 Exchange St, Geneva, NY 14456-2412",Geneva,New York,United States,+1 315-781-6397,http://lakecityhobbies.com,,"Geneva, Switzerland",47777
7854417,Lake Drum Brewing,https://www.tripadvisor.com/Attraction_Review-g47777-d7854417-Reviews-Lake_Drum_Brewing-Geneva_Finger_Lakes_New_York.html?m=66827,4.7,40,,42.867966,-76.98093,"16 E Castle St, Geneva, NY 14456-2400",Geneva,New York,United States,+1 315-789-1200,http://lakedrumbrewing.com/,,"Geneva, Switzerland",47777
27018296,The Dove Block Project,https://www.tripadvisor.com/Attraction_Review-g47777-d27018296-Reviews-The_Dove_Block_Project-Geneva_Finger_Lakes_New_York.html?m=66827,,0,,42.86781,-76.981285,"465 Exchange St, Geneva, NY 14456-3402",Geneva,New York,United States,+1 315-325-8160,https://www.facebook.com/110799594603077,,"Geneva, Switzerland",47777
27024394,North Shore Wellness Club,https://www.tripadvisor.com/Attraction_Review-g47777-d27024394-Reviews-North_Shore_Wellness_Club-Geneva_Finger_Lakes_New_York.html?m=66827,,0,,42.8687,-76.98134,"410 Exchange St, Geneva, NY 14456-2413",Geneva,New York,United States,+1 315-759-5253,http://www.northshorefingerlakes.com,,"Geneva, Switzerland",47777
8039472,Lake Street Station Winery,https://www.tripadvisor.com/Attraction_Review-g47777-d8039472-Reviews-Lake_Street_Station_Winery-Geneva_Finger_Lakes_New_York.html?m=66827,4.4,15,,42.87024,-76.97918,"41 Lake St, Geneva, NY 14456-2414",Geneva,New York,United States,+1 315-325-4089,http://www.lakestreetwine.com/,,"Geneva, Switzerland",47777
23538582,Sail Seneca,https://www.tripadvisor.com/Attraction_Review-g47777-d23538582-Reviews-Sail_Seneca-Geneva_Finger_Lakes_New_York.html?m=66827,5.0,4,,42.870056,-76.979034,"1 Lake Front Dr, Geneva, Ny, Geneva, NY 14456-9285",Geneva,New York,United States,,,,"Geneva, Switzerland",47777
33351202,Finger Lakes Rail Experience,https://www.tripadvisor.com/Attraction_Review-g47777-d33351202-Reviews-Finger_Lakes_Rail_Experience-Geneva_Finger_Lakes_New_York.html?m=66827,2.7,7,,42.871544,-76.97796,"Geneva, NY",Geneva,New York,United States,+1 315-878-2768,https://www.flxrailexperience.com/,,"Geneva, Switzerland",47777
3594744,Finger Lakes Water Adventures,https://www.tripadvisor.com/Attraction_Review-g48810-d3594744-Reviews-Finger_Lakes_Water_Adventures-Waterloo_Finger_Lakes_New_York.html?m=66827,4.5,35,,42.86897,-76.93769,"401 Boodys Hill Rd, Waterloo, NY 13165-9733",Waterloo,New York,United States,+1 315-789-5520,http://www.fingerlakeswateradventures.com,,"Geneva, Switzerland",47777
5835766,Tiki Bar North,https://www.tripadvisor.com/Attraction_Review-g48810-d5835766-Reviews-Tiki_Bar_North-Waterloo_Finger_Lakes_New_York.html?m=66827,4.2,6,,42.86921,-76.93634,"401 Boodys Hill Rd, Waterloo, NY 13165-9733",Waterloo,New York,United States,+1 315-789-5520,https://www.facebook.com/TikiBarNorth/,,"Geneva, Switzerland",47777
12707867,Sup on Seneca,https://www.tripadvisor.com/Attraction_Review-g47777-d12707867-Reviews-Sup_on_Seneca-Geneva_Finger_Lakes_New_York.html?m=66827,,0,,42.869637,-76.97748,"Senaca Lake, Geneva, NY 14456",Geneva,New York,United States,,https://www.suponseneca.com/,,"Geneva, Switzerland",47777
195009,Ponte Vecchio,https://www.tripadvisor.com/Attraction_Review-g187895-d195009-Reviews-Ponte_Vecchio-Florence_Tuscany.html?m=66827,4.3,21456,,43.767925,11.253141,"50125, Florence Italy",Florence,Province of Florence,Italy,,,,"Florence, Italy",187895
32995822,Viktoryia Parnitskaya,https://www.tripadvisor.com/Attraction_Review-g187895-d32995822-Reviews-Viktoryia_Parnitskaya-Florence_Tuscany.html?m=66827,,0,,43.767998,11.253149,"Ponte Vecchio, 500125, Florence Italy",Florence,Province of Florence,Italy,+39 329 248 9667,https://www.instagram.com/viktoria_photoflo?igsh=bg9mexkxbtdwa2tr,,"Florence, Italy",187895
11913253,Fratelli Piccini Gioiellieri,https://www.tripadvisor.com/Attraction_Review-g187895-d11913253-Reviews-Fratelli_Piccini_Gioiellieri-Florence_Tuscany.html?m=66827,4.5,2,,43.767944,11.253213,"Ponte Vecchio 21/23r, 50125, Florence Italy",Florence,Province of Florence,Italy,+39 055 294768,http://www.fratellipiccini.it,,"Florence, Italy",187895
27513946,Truly Italy Tours,https://www.tripadvisor.com/Attraction_Review-g187895-d27513946-Reviews-Truly_Italy_Tours-Florence_Tuscany.html?m=66827,,0,,43.767918,11.252379,Florence Italy,Florence,Province of Florence,Italy,,https://www.trulyitaly.tours/,,"Florence, Italy",187895
27156781,Ugg Store,https://www.tripadvisor.com/Attraction_Review-g187895-d27156781-Reviews-Ugg_Store-Florence_Tuscany.html?m=66827,1.0,3,,43.767918,11.252379,"Piazza della Repubblica, Florence Italy",Florence,Province of Florence,Italy,,,,"Florence, Italy",187895
27103626,Enoteca Nazionale,https://www.tripadvisor.com/Attraction_Review-g187895-d27103626-Reviews-Enoteca_Nazionale-Florence_Tuscany.html?m=66827,5.0,17,,43.767918,11.252379,"Via nazionale 126 R, 50123, Florence Italy",Florence,Province of Florence,Italy,+39 351 124 6030,,,"Florence, Italy",187895
26878434,Marco salumi e formaggi,https://www.tripadvisor.com/Attraction_Review-g187895-d26878434-Reviews-Marco_salumi_e_formaggi-Florence_Tuscany.html?m=66827,5.0,12,,43.767918,11.252379,"Piazza del mercato centrale Interno mercato centrale, piano terra, 50123, Florence Italy",Florence,Province of Florence,Italy,+39 335 627 2863,https://marcosalumieformaggi.it/,,"Florence, Italy",187895
26310213,RideMovi,https://www.tripadvisor.com/Attraction_Review-g187895-d26310213-Reviews-RideMovi-Florence_Tuscany.html?m=66827,1.0,3,,43.767918,11.252379,Florence Italy,Florence,Province of Florence,Italy,,,,"Florence, Italy",187895
26725351,Arnoboat,https://www.tripadvisor.com/Attraction_Review-g187895-d26725351-Reviews-Arnoboat-Florence_Tuscany.html?m=66827,3.0,4,,43.767918,11.252379,"Via Lungarno Diaz Piazza Mentana, 50122, Florence Italy",Florence,Province of Florence,Italy,+39 340 852 4287,https://www.arnoboat.com/,,"Florence, Italy",187895
25072354,Antico Setificio Fiorentino,https://www.tripadvisor.com/Attraction_Review-g187895-d25072354-Reviews-Antico_Setificio_Fiorentino-Florence_Tuscany.html?m=66827,3.0,1,,43.767918,11.252379,"Via Lorenzo Bartolini 4, 50124, Florence Italy",Florence,Province of Florence,Italy,+39 055 213861,http://www.anticosetificiofiorentino.com,,"Florence, Italy",187895
27107779,Scientopolis Milano,https://www.tripadvisor.com/Attraction_Review-g187849-d27107779-Reviews-Scientopolis_Milano-Milan_Lombardy.html?m=66827,3.0,3,,45.464787,9.189092,"Via privata Ventura, Milan Italy",Milan,,Italy,,http://www.scientopolis.it,,"Milan, Italy",187849
26766915,Targa In Memoria di Giacomo Leopardi,https://www.tripadvisor.com/Attraction_Review-g187849-d26766915-Reviews-Targa_In_Memoria_di_Giacomo_Leopardi-Milan_Lombardy.html?m=66827,3.8,5,,45.465733,9.188948,"Via Tommaso Grossi 2 Corner of Via Silvio Pellico, 20121 Milan Italy",Milan,,Italy,,,,"Milan, Italy",187849
27695084,Palazzo Di Via Tommaso Grossi 1,https://www.tripadvisor.com/Attraction_Review-g187849-d27695084-Reviews-Palazzo_Di_Via_Tommaso_Grossi_1-Milan_Lombardy.html?m=66827,4.0,3,,45.465626,9.188917,"Via Tommaso Grossi 1, 20121 Milan Italy",Milan,,Italy,,https://www.arte.it/guida-arte/milano/in-citta/hotel/park-hyatt-1323,,"Milan, Italy",187849
8132871,Expoincitta Lounge / Diurno Elita,https://www.tripadvisor.com/Attraction_Review-g187849-d8132871-Reviews-Expoincitta_Lounge_Diurno_Elita-Milan_Lombardy.html?m=66827,4.0,16,,45.46479,9.18888,"Piazza del Duomo 19/A Ang. Via Silvio Pellico, 20121 Milan Italy",Milan,,Italy,+39 334 135 4475,http://www.elita.it/diurnoelita,,"Milan, Italy",187849
12896477,Spazio Cobianchi Galleria,https://www.tripadvisor.com/Attraction_Review-g187849-d12896477-Reviews-Spazio_Cobianchi_Galleria-Milan_Lombardy.html?m=66827,3.4,5,,45.46479,9.18888,"Piazza del Duomo 19/A Galleria Vittorio Emanuele II corner Via Tommaso Grossi, 20121 Milan Italy",Milan,,Italy,+39 02 8909 5044,http://www.circolocobianchiduomo.it/cobianchi-galleria/,,"Milan, Italy",187849
27969614,Palazzo Ex Banco Di Sicilia,https://www.tripadvisor.com/Attraction_Review-g187849-d27969614-Reviews-Palazzo_Ex_Banco_Di_Sicilia-Milan_Lombardy.html?m=66827,3.0,2,,45.466015,9.188654,"Via Santa Margerita 12-14, 20121 Milan Italy",Milan,,Italy,,https://www.tecnoserviceitaliasrl.it/palazzo-ex-banco-sicilia.html,,"Milan, Italy",187849
33999554,Via Santa Margherita,https://www.tripadvisor.com/Attraction_Review-g187849-d33999554-Reviews-Via_Santa_Margherita-Milan_Lombardy.html?m=66827,3.0,1,,45.466026,9.188508,"Via Santa Margherita, 20121 Milan Italy",Milan,,Italy,,https://www.italia.it/it/lombardia/milano/via-santa-margherita,,"Milan, Italy",187849
25756800,Spazio Fendi,https://www.tripadvisor.com/Attraction_Review-g187849-d25756800-Reviews-Spazio_Fendi-Milan_Lombardy.html?m=66827,2.3,3,,45.464787,9.189092,"Via Andrea Solari, 35, 20144 Milan Italy",Milan,,Italy,,,,"Milan, Italy",187849
26800320,Oasi lago dei cigni,https://www.tripadvisor.com/Attraction_Review-g187849-d26800320-Reviews-Oasi_lago_dei_cigni-Milan_Lombardy.html?m=66827,2.2,10,,45.464787,9.189092,"Via Guascogna 60, Milan Italy",Milan,,Italy,,,,"Milan, Italy",187849
26340781,Vertigo Cocktails & Pool,https://www.tripadvisor.com/Attraction_Review-g187849-d26340781-Reviews-Vertigo_Cocktails_Pool-Milan_Lombardy.html?m=66827,3.1,20,,45.464787,9.189092,"Via Tortona 35, 20144 Milan Italy",Milan,,Italy,+39 342 368 7367,https://www.nhow-hotels.com/en/nhow-milan/vertigo,,"Milan, Italy",187849
25462930,Mini So,https://www.tripadvisor.com/Attraction_Review-g187785-d25462930-Reviews-Mini_So-Naples_Province_of_Naples_Campania.html?m=66827,1.5,2,,40.840416,14.252355,"Via Toledo, Naples Italy",Naples,Province of Naples,Italy,,,,"Naples, Italy",187785
26687469,Chiosco Aurelio,https://www.tripadvisor.com/Attraction_Review-g187785-d26687469-Reviews-Chiosco_Aurelio-Naples_Province_of_Naples_Campania.html?m=66827,2.0,4,,40.840416,14.252355,"Via Gian Lorenzo Bernini 38, 80128, Naples Italy",Naples,Province of Naples,Italy,,,,"Naples, Italy",187785
26530147,Locauto,https://www.tripadvisor.com/Attraction_Review-g187785-d26530147-Reviews-Locauto-Naples_Province_of_Naples_Campania.html?m=66827,1.7,133,,40.840416,14.252355,Naples Italy,Naples,Province of Naples,Italy,+39 02 430201,https://www.locautorent.com/it/noleggio-auto/uffici/campania/napoli/aeroporto/?utm_medium=organic&utm_source=GMB,,"Naples, Italy",187785
26699518,La fabbrica delle meraviglie,https://www.tripadvisor.com/Attraction_Review-g187785-d26699518-Reviews-La_fabbrica_delle_meraviglie-Naples_Province_of_Naples_Campania.html?m=66827,5.0,13,,40.840416,14.252355,"Via Giuseppe Verdi 53, Naples Italy",Naples,Province of Naples,Italy,,,,"Naples, Italy",187785
26596218,Chalet Ciro,https://www.tripadvisor.com/Attraction_Review-g187785-d26596218-Reviews-Chalet_Ciro-Naples_Province_of_Naples_Campania.html?m=66827,4.0,1,,40.840416,14.252355,"Stazione centrale Napoli, Naples Italy",Naples,Province of Naples,Italy,,,,"Naples, Italy",187785
33286353,Casa Di Dodo Gioielli & Arredo,https://www.tripadvisor.com/Attraction_Review-g187785-d33286353-Reviews-Casa_Di_Dodo_Gioielli_Arredo-Naples_Province_of_Naples_Campania.html?m=66827,,0,,40.840492,14.252295,"Calata San Marco 1a, 80133, Naples Italy",Naples,Province of Naples,Italy,+39 347 859 8053,https://casadidodo.com,,"Naples, Italy",187785
25458024,La Panchina di Nello,https://www.tripadvisor.com/Attraction_Review-g187785-d25458024-Reviews-La_Panchina_di_Nello-Naples_Province_of_Naples_Campania.html?m=66827,5.0,3,,40.840416,14.252355,"Via del Serbatoio allo Scudillo, 80131, Naples Italy",Naples,Province of Naples,Italy,,,,"Naples, Italy",187785
27095619,Murale Resis-Ti-Amo,https://www.tripadvisor.com/Attraction_Review-g187785-d27095619-Reviews-Murale_Resis_Ti_Amo-Naples_Province_of_Naples_Campania.html?m=66827,5.0,1,,40.840416,14.252355,"Via Sanita, 40, 80136, Naples Italy",Naples,Province of Naples,Italy,,,,"Naples, Italy",187785
26716372,Gran caffe al centro,https://www.tripadvisor.com/Attraction_Review-g187785-d26716372-Reviews-Gran_caffe_al_centro-Naples_Province_of_Naples_Campania.html?m=66827,4.5,32,,40.840416,14.252355,"Via verdi 14, 80133, Naples Italy",Naples,Province of Naples,Italy,,,,"Naples, Italy",187785
25464966,Napoli sotterranea,https://www.tripadvisor.com/Attraction_Review-g187785-d25464966-Reviews-Napoli_sotterranea-Naples_Province_of_Naples_Campania.html?m=66827,,0,,40.840416,14.252355,"Napoli sotterranea san lorenzo, Naples Italy",Naples,Province of Naples,Italy,,,,"Naples, Italy",187785
24576634,The Arsakeion Building,https://www.tripadvisor.com/Attraction_Review-g189400-d24576634-Reviews-The_Arsakeion_Building-Athens_Attica.html?m=66827,5.0,1,,37.97698,23.721302,"Char Trikoupi, Athens 11472 Greece",Athens,,Greece,,,,"Athens, Greece",189400
33235879,Irena' Nail Salon,https://www.tripadvisor.com/Attraction_Review-g12634240-d33235879-Reviews-Irena_Nail_Salon-Zografou_Attica.html?m=66827,,0,,37.97702,23.7237,"Ermou 58-60, Zografou 105 54 Greece",Zografou,,Greece,,,,"Athens, Greece",189400
24369007,Plateia Estavromonou,https://www.tripadvisor.com/Attraction_Review-g189400-d24369007-Reviews-Plateia_Estavromonou-Athens_Attica.html?m=66827,5.0,1,,37.97698,23.721302,"Plateia Estavromonou, Athens 12242 Greece",Athens,,Greece,,,,"Athens, Greece",189400
12848936,Artemis Antiques,https://www.tripadvisor.com/Attraction_Review-g189400-d12848936-Reviews-Artemis_Antiques-Athens_Attica.html?m=66827,4.4,9,,37.976864,23.722116,"Aristidou 6, Athens 10559 Greece",Athens,,Greece,+30 21 0322 0585,http://www.artemis-antiques.gr,,"Athens, Greece",189400
198777,Psirri,https://www.tripadvisor.com/Attraction_Review-g189400-d198777-Reviews-Psirri-Athens_Attica.html?m=66827,4.2,382,,37.97692,23.72444,Athens Greece,Athens,,Greece,,,,"Athens, Greece",189400
6999086,Sights of Athens,https://www.tripadvisor.com/Attraction_Review-g189400-d6999086-Reviews-Sights_of_Athens-Athens_Attica.html?m=66827,4.3,2879,,37.976894,23.724283,"81 Akti Miaouli, Athens 185 38 Greece",Athens,,Greece,+30 21 0417 6144,http://www.sightsofathens.gr/,,"Athens, Greece",189400
24171767,Makrigianni,https://www.tripadvisor.com/Attraction_Review-g189400-d24171767-Reviews-Makrigianni-Athens_Attica.html?m=66827,4.8,8,,37.97698,23.721302,"Makrigianni, Athens 11742 Greece",Athens,,Greece,,,,"Athens, Greece",189400
24531194,Akadimias Park Fountain,https://www.tripadvisor.com/Attraction_Review-g189400-d24531194-Reviews-Akadimias_Park_Fountain-Athens_Attica.html?m=66827,5.0,1,,37.97698,23.721302,"Akadimias, Athens 10679 Greece",Athens,,Greece,,,,"Athens, Greece",189400
24634082,Karolos Koun Statue,https://www.tripadvisor.com/Attraction_Review-g189400-d24634082-Reviews-Karolos_Koun_Statue-Athens_Attica.html?m=66827,5.0,2,,37.97698,23.721302,"Pesmazogluo, Athens 10564 Greece",Athens,,Greece,,,,"Athens, Greece",189400
24172266,Lysikratous Square,https://www.tripadvisor.com/Attraction_Review-g189400-d24172266-Reviews-Lysikratous_Square-Athens_Attica.html?m=66827,3.3,3,,37.97698,23.721302,"Lysikratous Square, Athens 99920 Greece",Athens,,Greece,,,,"Athens, Greece",189400
26806070,Estate Argyros,https://www.tripadvisor.com/Attraction_Review-g14063808-d26806070-Reviews-Estate_Argyros-Episkopi_Gonias_Fira_Santorini_Cyclades_South_Aegean.html?m=66827,,0,,36.376793,25.451546,"Episkopi Gonias, Fira 847 00 Greece",Episkopi Gonias,Santorini,Cyclades,+30 2286 031489,https://estateargyros.com/,,"Santorini, Greece",189433
26834403,Paralia Perissa,https://www.tripadvisor.com/Attraction_Review-g635608-d26834403-Reviews-Paralia_Perissa-Perissa_Santorini_Cyclades_South_Aegean.html?m=66827,5.0,1,,36.376793,25.451546,Perissa Greece,Perissa,Santorini,Cyclades,,,,"Santorini, Greece",189433
10440917,Poetry Olive Oil Tasting,https://www.tripadvisor.com/Attraction_Review-g189433-d10440917-Reviews-Poetry_Olive_Oil_Tasting-Santorini_Cyclades_South_Aegean.html?m=66827,5.0,3,,36.380573,25.450611,84700 Greece,Santorini,Santorini,Cyclades,+30 2286 022249,http://www.oliveoilpoetry.com,,"Santorini, Greece",189433
27796980,Viaggio Azzurro,https://www.tripadvisor.com/Attraction_Review-g1188919-d27796980-Reviews-Viaggio_Azzurro-Vlychada_Santorini_Cyclades_South_Aegean.html?m=66827,,0,,36.376793,25.451546,Vlychada Greece,Vlychada,Santorini,Cyclades,+30 697 331 0040,http://viaggioazzurro.gr,,"Santorini, Greece",189433
26806053,Mouseio oinou Santorinis,https://www.tripadvisor.com/Attraction_Review-g14821057-d26806053-Reviews-Mouseio_oinou_Santorinis-Vothonas_Santorini_Cyclades_South_Aegean.html?m=66827,,0,,36.376793,25.451546,Vothonas 847 00 Greece,Vothonas,Santorini,Cyclades,+30 2286 031322,https://santoriniwinemuseum.com/,,"Santorini, Greece",189433
26659898,Perfect Choice Travel,https://www.tripadvisor.com/Attraction_Review-g482942-d26659898-Reviews-Perfect_Choice_Travel-Fira_Santorini_Cyclades_South_Aegean.html?m=66827,,0,,36.376793,25.451546,Fira 847 00 Greece,Fira,Santorini,Cyclades,+30 698 084 8210,https://www.perfectchoicetravel.com/,,"Santorini, Greece",189433
25650632,Natura Spa by North Santorini Luxury Spa Hotel,https://www.tripadvisor.com/Attraction_Review-g1097549-d25650632-Reviews-Natura_Spa_by_North_Santorini_Luxury_Spa_Hotel-Pyrgos_Santorini_Cyclades_South_.html?m=66827,4.6,30,,36.376793,25.451546,"North Santorini Luxury Spa Hotel - Pyrgos Village Located on the Pyrgos Village of Santorini, Pyrgos 84700 Greece",Pyrgos,Santorini,Cyclades,+30 2286 034246,http://www.northsantorini.com,,"Santorini, Greece",189433
26799293,Ftelos Brewery,https://www.tripadvisor.com/Attraction_Review-g16651945-d26799293-Reviews-Ftelos_Brewery-Karterados_Santorini_Cyclades_South_Aegean.html?m=66827,5.0,1,,36.376793,25.451546,Karterados 84700 Greece,Karterados,Santorini,Cyclades,+30 2286 186627,http://Https://ftelosbrewery.com/,,"Santorini, Greece",189433
25413869,Santorini Flying Dress,https://www.tripadvisor.com/Attraction_Review-g635864-d25413869-Reviews-Santorini_Flying_Dress-Imerovigli_Santorini_Cyclades_South_Aegean.html?m=66827,5.0,2,,36.376793,25.451546,Imerovigli 84700 Greece,Imerovigli,Santorini,Cyclades,+30 699 696 3232,http://santoriniphotoshoot.com/,,"Santorini, Greece",189433
23477077,LVB Tours Santorini,https://www.tripadvisor.com/Attraction_Review-g189433-d23477077-Reviews-LVB_Tours_Santorini-Santorini_Cyclades_South_Aegean.html?m=66827,5.0,16,,36.376793,25.451546,"Mesaria, 84700 Greece",Santorini,Santorini,Cyclades,+30 690 610 6206,http://lvb.tours,,"Santorini, Greece",189433
33110212,The Transfer Guy Mykonos,https://www.tripadvisor.com/Attraction_Review-g189430-d33110212-Reviews-The_Transfer_Guy_Mykonos-Mykonos_Cyclades_South_Aegean.html?m=66827,,0,,37.44488,25.374298,Greece,Mykonos,Mykonos,Cyclades,+30 698 561 2778,http://thetransferguymykonos.com,,"Mykonos, Greece",189430
32997271,Mykonos Must Driver Services,https://www.tripadvisor.com/Attraction_Review-g189430-d32997271-Reviews-Mykonos_Must_Driver_Services-Mykonos_Cyclades_South_Aegean.html?m=66827,,0,,37.44488,25.374298,Greece,Mykonos,Mykonos,Cyclades,+30 695 149 6800,https://mykonosmust.com,,"Mykonos, Greece",189430
26129125,Bello Bello,https://www.tripadvisor.com/Attraction_Review-g662620-d26129125-Reviews-Bello_Bello-Mykonos_Town_Mykonos_Cyclades_South_Aegean.html?m=66827,,0,,37.44488,25.374298,"Florou Zouganeli 26, Mykonos Town 84600 Greece",Mykonos Town,Mykonos,Cyclades,+30 2289 077989,http://www.bellobellomykonos.com,,"Mykonos, Greece",189430
23779730,Flickers Mykonos,https://www.tripadvisor.com/Attraction_Review-g2296448-d23779730-Reviews-Flickers_Mykonos-Ano_Mera_Mykonos_Cyclades_South_Aegean.html?m=66827,,0,,37.447582,25.390842,Ano Mera 84600 Greece,Ano Mera,Mykonos,Cyclades,+30 2289 071425,http://www.flickers.gr,,"Mykonos, Greece",189430
10395118,Anasa Mykonos Massage,https://www.tripadvisor.com/Attraction_Review-g662620-d10395118-Reviews-Anasa_Mykonos_Massage-Mykonos_Town_Mykonos_Cyclades_South_Aegean.html?m=66827,4.9,72,,37.44996,25.38722,"Municipal St. Ano Mera, Mykonos Town 84600 Greece",Mykonos Town,Mykonos,Cyclades,+30 697 889 0482,http://anasamassage.com,,"Mykonos, Greece",189430
20558560,Flickers Mykonos - Candle Workshop & Gift Shop,https://www.tripadvisor.com/Attraction_Review-g2296448-d20558560-Reviews-Flickers_Mykonos_Candle_Workshop_Gift_Shop-Ano_Mera_Mykonos_Cyclades_South_Aege.html?m=66827,5.0,3,,37.44988,25.38836,"Ano mera Mykonos, Ano Mera 84600 Greece",Ano Mera,Mykonos,Cyclades,+30 2289 071425,http://www.flickers.com.gr,,"Mykonos, Greece",189430
14184390,Wheel Royale Mykonos,https://www.tripadvisor.com/Attraction_Review-g662620-d14184390-Reviews-Wheel_Royale_Mykonos-Mykonos_Town_Mykonos_Cyclades_South_Aegean.html?m=66827,5.0,7,,37.450912,25.363123,"Epar.Od. Mikonou, Mykonos Town 84600 Greece",Mykonos Town,Mykonos,Cyclades,+30 697 678 7027,http://www.wheelroyale.com,,"Mykonos, Greece",189430
8635537,BikeCenterMykonos,https://www.tripadvisor.com/Attraction_Review-g8639493-d8635537-Reviews-BikeCenterMykonos-Klouvas_Mykonos_Cyclades_South_Aegean.html?m=66827,4.8,17,,37.450977,25.362955,"Eparchiaki Odos Mikonou-Ano Merias, Klouvas 846 00 Greece",Klouvas,Mykonos,Cyclades,+30 2289 077155,http://www.bikecentermykonos.gr,,"Mykonos, Greece",189430
28026742,Assimomitis,https://www.tripadvisor.com/Attraction_Review-g662620-d28026742-Reviews-Assimomitis-Mykonos_Town_Mykonos_Cyclades_South_Aegean.html?m=66827,,0,,37.44529,25.35408,Mykonos Town Greece,Mykonos Town,Mykonos,Cyclades,+30 2289 022113,https://mykonoscars.com/,,"Mykonos, Greece",189430
27704633,On Mykonos Wellness,https://www.tripadvisor.com/Attraction_Review-g189430-d27704633-Reviews-On_Mykonos_Wellness-Mykonos_Cyclades_South_Aegean.html?m=66827,,0,,37.44827,25.346422,"Epar.Od. Mikonou-Ano Merias, 846 00 Greece",Mykonos,Mykonos,Cyclades,+30 694 832 5325,https://onmykonoswellness.com/massage/,,"Mykonos, Greece",189430
13547324,Timberlake Golf Club,https://www.tripadvisor.com/Attraction_Review-g49037-d13547324-Reviews-Timberlake_Golf_Club-Clinton_North_Carolina.html?m=66827,,0,,35.01818,-78.2722,"634 Challenge Club Dr, Clinton, NC 28328-9530",Clinton,North Carolina,United States,+1 910-596-2211,http://www.timberlakegolfclub.com,,"Istanbul, Turkey",49614
7300187,Elizabeth's Pecan Products,https://www.tripadvisor.com/Attraction_Review-g49614-d7300187-Reviews-Elizabeth_s_Pecan_Products-Turkey_North_Carolina.html?m=66827,3.8,8,,35.02097,-78.17725,"106 Thomson Ave, Turkey, NC 28393-9132",Turkey,North Carolina,United States,+1 910-533-2229,http://elizabethspecans.com,,"Istanbul, Turkey",49614
27090427,Duplin County Veterans Museum,https://www.tripadvisor.com/Attraction_Review-g49643-d27090427-Reviews-Duplin_County_Veterans_Museum-Warsaw_North_Carolina.html?m=66827,,0,,35.00179,-78.09113,"119 E Hill St, Warsaw, NC 28398-1917",Warsaw,North Carolina,United States,+1 910-293-2190,http://www.duplincountyveteransmuseum.com/,,"Istanbul, Turkey",49614
8671464,Country Squire Winery,https://www.tripadvisor.com/Attraction_Review-g49643-d8671464-Reviews-Country_Squire_Winery-Warsaw_North_Carolina.html?m=66827,4.6,14,,34.972885,-78.01469,"748 NC Highway 24 and 50, Warsaw, NC 28398",Warsaw,North Carolina,United States,+1 910-296-1727,http://www.countrysquireinn.com/ordereze/Content/6/Summary.aspx,,"Istanbul, Turkey",49614
8444111,Sampson County History Museum,https://www.tripadvisor.com/Attraction_Review-g49037-d8444111-Reviews-Sampson_County_History_Museum-Clinton_North_Carolina.html?m=66827,5.0,5,,34.995537,-78.32009,"313 Lisbon St, Clinton, NC 28328-4118",Clinton,North Carolina,United States,+1 910-590-0007,http://www.sampsonhistory.org/,,"Istanbul, Turkey",49614
27003118,Newkirk Park Advisory Committee,https://www.tripadvisor.com/Attraction_Review-g49037-d27003118-Reviews-Newkirk_Park_Advisory_Committee-Clinton_North_Carolina.html?m=66827,,0,,34.99176,-78.32041,"503 Ferrell St, Clinton, NC 28328-4513",Clinton,North Carolina,United States,,https://www.facebook.com/451475755191110,,"Istanbul, Turkey",49614
23938798,"Chabad Of Clinton, Ny",https://www.tripadvisor.com/Attraction_Review-g47494-d23938798-Reviews-Chabad_Of_Clinton_Ny-Clinton_New_York.html?m=66827,,0,,34.998096,-78.322975,"108 College St, Clinton, NY 13323-1612",Clinton,New York,United States,+1 315-925-7613,http://www.chabadclinton.com,,"Istanbul, Turkey",49614
26251700,Aspire Park,https://www.tripadvisor.com/Attraction_Review-g54958-d26251700-Reviews-Aspire_Park-Clinton_Tennessee.html?m=66827,4.6,18,,34.997944,-78.32333,"777 Aspire Drive, Clinton, TN",Clinton,Tennessee,United States,+1 407-923-3113,http://alwaysaspire.com/,,"Istanbul, Turkey",49614
28174788,East Park Cinema,https://www.tripadvisor.com/Attraction_Review-g49037-d28174788-Reviews-East_Park_Cinema-Clinton_North_Carolina.html?m=66827,,0,,35.00371,-78.31215,"122 Southeast Blvd, Clinton, NC 28328-3622",Clinton,North Carolina,United States,+1 910-592-2800,https://www.facebook.com/129760647089707,,"Istanbul, Turkey",49614
27051370,Self-Care Sanctuary & Spa,https://www.tripadvisor.com/Attraction_Review-g49037-d27051370-Reviews-Self_Care_Sanctuary_Spa-Clinton_North_Carolina.html?m=66827,,0,,35.00345,-78.32148,"232 Beaman St, Clinton, NC 28328-2906",Clinton,North Carolina,United States,+1 772-577-8102,https://www.facebook.com/109054558500279,,"Istanbul, Turkey",49614
26454236,Old Cairo,https://www.tripadvisor.com/Attraction_Review-g294201-d26454236-Reviews-Old_Cairo-Cairo_Cairo_Governorate.html?m=66827,4.5,4,,30.04998,31.2486,"Ramses Down Town Street, Cairo Egypt",Cairo,Cairo Governorate,Egypt,+20 114 486 4613,,,"Cairo, Egypt",294201
31677962,Egypt Tour Guide Photographer,https://www.tripadvisor.com/Attraction_Review-g294201-d31677962-Reviews-Egypt_Tour_Guide_Photographer-Cairo_Cairo_Governorate.html?m=66827,5.0,1,,30.04998,31.2486,Cairo Egypt,Cairo,Cairo Governorate,Egypt,+201555771779,https://www.instagram.com/abdelrahman_hassn/profilecard/?igsh=mwpqmgvhexa3zg12na==,,"Cairo, Egypt",294201
33117462,Emad Tour Guide,https://www.tripadvisor.com/Attraction_Review-g294201-d33117462-Reviews-Emad_Tour_Guide-Cairo_Cairo_Governorate.html?m=66827,5.0,24,,30.04998,31.2486,"15 Ali Elbarbary Street Elharam Giza Egypt , 1111, Cairo 12556 Egypt",Cairo,Cairo Governorate,Egypt,+20 100 149 3807,https://egyptianguidetour.com/,,"Cairo, Egypt",294201
25558176,Egyptian Postal museum,https://www.tripadvisor.com/Attraction_Review-g294201-d25558176-Reviews-Egyptian_Postal_museum-Cairo_Cairo_Governorate.html?m=66827,5.0,2,,30.04998,31.2486,"Abdel khalek tharwat, street Ataba Square, Cairo Egypt",Cairo,Cairo Governorate,Egypt,,,,"Cairo, Egypt",294201
27134434,Sunny Day tour,https://www.tripadvisor.com/Attraction_Review-g294202-d27134434-Reviews-Sunny_Day_tour-Giza_Giza_Governorate.html?m=66827,,0,,30.04998,31.2486,Giza Egypt,Giza,Giza Governorate,Egypt,+20 2 37711690,https://sunnyadventures.com/tours/,,"Cairo, Egypt",294201
26875760,Bath & Body Works,https://www.tripadvisor.com/Attraction_Review-g294201-d26875760-Reviews-Bath_Body_Works-Cairo_Cairo_Governorate.html?m=66827,5.0,2,,30.04998,31.2486,"City Stars Mall, Cairo Egypt",Cairo,Cairo Governorate,Egypt,,,,"Cairo, Egypt",294201
32709035,Book Nile Cruise,https://www.tripadvisor.com/Attraction_Review-g294201-d32709035-Reviews-Book_Nile_Cruise-Cairo_Cairo_Governorate.html?m=66827,,0,,30.04998,31.2486,Cairo Egypt,Cairo,Cairo Governorate,Egypt,+20 100 609 3061,https://booknilecruise.com/,,"Cairo, Egypt",294201
27102464,Souq Al-Gomaa,https://www.tripadvisor.com/Attraction_Review-g294201-d27102464-Reviews-Souq_Al_Gomaa-Cairo_Cairo_Governorate.html?m=66827,,0,,30.04998,31.2486,"Al-Tonis bridge, Cairo Egypt",Cairo,Cairo Governorate,Egypt,,,,"Cairo, Egypt",294201
26441577,Open air mall,https://www.tripadvisor.com/Attraction_Review-g294201-d26441577-Reviews-Open_air_mall-Cairo_Cairo_Governorate.html?m=66827,,0,,30.04998,31.2486,"Talaat Mustafa Road, Cairo Egypt",Cairo,Cairo Governorate,Egypt,,https://www.instagram.com/openairmall/?hl=en,,"Cairo, Egypt",294201
27147456,Black Zone Playstation Cafe,https://www.tripadvisor.com/Attraction_Review-g294201-d27147456-Reviews-Black_Zone_Playstation_Cafe-Cairo_Cairo_Governorate.html?m=66827,,0,,30.04998,31.2486,"El-Hassan Dr Mahmoud Rizk, Cairo 11799 Egypt",Cairo,Cairo Governorate,Egypt,+20 100 079 7007,,,"Cairo, Egypt",294201
32872446,Le Yogavan,https://www.tripadvisor.com/Attraction_Review-g293732-d32872446-Reviews-Le_Yogavan-Casablanca_Casablanca_Settat.html?m=66827,,0,,31.632172,-8.002955,Casablanca Morocco,Casablanca,,Morocco,+212 644-635059,,,"Marrakech, Morocco",293734
28015847,Hafida Zizi Art Gallery,https://www.tripadvisor.com/Attraction_Review-g293734-d28015847-Reviews-Hafida_Zizi_Art_Gallery-Marrakech_Marrakech_Safi.html?m=66827,5.0,3,,31.632172,-8.002955,"Pres De La Maison Arabe Rue Al Adala, Marrakech 40000 Morocco",Marrakech,,Morocco,+212 662-876665,http://www.hafidazizi.com,,"Marrakech, Morocco",293734
24884224,Adrar Morocco Tours,https://www.tripadvisor.com/Attraction_Review-g293734-d24884224-Reviews-Adrar_Morocco_Tours-Marrakech_Marrakech_Safi.html?m=66827,5.0,34,,31.632172,-8.002955,Marrakech Morocco,Marrakech,,Morocco,+212 675-908530,http://www.adrar-morocco-tours.com,,"Marrakech, Morocco",293734
23432398,Albahia Spa,https://www.tripadvisor.com/Attraction_Review-g293734-d23432398-Reviews-Albahia_Spa-Marrakech_Marrakech_Safi.html?m=66827,,0,,31.632172,-8.002955,"N_5 lot OLM n°2 quartier El Ghoul, Marrakech 40000 Morocco",Marrakech,,Morocco,+212 661-323675,http://www.albahiaspa.com,,"Marrakech, Morocco",293734
26104732,Roaming Morocco,https://www.tripadvisor.com/Attraction_Review-g293734-d26104732-Reviews-Roaming_Morocco-Marrakech_Marrakech_Safi.html?m=66827,,0,,31.632172,-8.002955,"Av. Annakhil 40160, Menara (RAK), Marrakech, Moroc, Marrakech 40160 Morocco",Marrakech,,Morocco,+212 606-360346,http://www.roamingmorocco.com,,"Marrakech, Morocco",293734
24074822,Caravane Quads,https://www.tripadvisor.com/Attraction_Review-g5776820-d24074822-Reviews-Caravane_Quads-Palmeraie_Marrakech_Safi.html?m=66827,,0,,31.632172,-8.002955,"Casablanca A Cote De Kia N9 Ouahat Sidi Barim Ouled Massouaad Jnane Jml, Palmeraie 40000 Morocco",Palmeraie,,Morocco,+212 664-424783,http://caravanequads.com,,"Marrakech, Morocco",293734
25573327,Marrakesh Bike Tour,https://www.tripadvisor.com/Attraction_Review-g293734-d25573327-Reviews-Marrakesh_Bike_Tour-Marrakech_Marrakech_Safi.html?m=66827,,0,,31.632172,-8.002955,Marrakech Morocco,Marrakech,,Morocco,,https://www.bajabikes.eu/en/marrakech-bike-tour-highlights/?gclid=Cj0KCQjwu-KiBhCsARIsAPztUF1pZtoTDmCe5gXOraXAY2v6P9M6146XERo1RpK1YtCrEJYZGGYrxAUaAh3eEALw_wcB,,"Marrakech, Morocco",293734
32881545,Ourika Excursion Limited,https://www.tripadvisor.com/Attraction_Review-g293734-d32881545-Reviews-Ourika_Excursion_Limited-Marrakech_Marrakech_Safi.html?m=66827,,0,,31.632172,-8.002955,Marrakech Morocco,Marrakech,,Morocco,+212 665-684305,https://ourikaexcursion.com/,,"Marrakech, Morocco",293734
28103981,Tour Desierto,https://www.tripadvisor.com/Attraction_Review-g293734-d28103981-Reviews-Tour_Desierto-Marrakech_Marrakech_Safi.html?m=66827,,0,,31.632172,-8.002955,Marrakech Morocco,Marrakech,,Morocco,+212 668-817739,http://tourdesierto.com,,"Marrakech, Morocco",293734
25273271,Khalalay Lakhdir,https://www.tripadvisor.com/Attraction_Review-g293734-d25273271-Reviews-Khalalay_Lakhdir-Marrakech_Marrakech_Safi.html?m=66827,,0,,31.632172,-8.002955,"Targa, Marrakech Morocco",Marrakech,,Morocco,,,,"Marrakech, Morocco",293734
24853863,African Hands Art Gallery,https://www.tripadvisor.com/Attraction_Review-g469391-d24853863-Reviews-African_Hands_Art_Gallery-Franschhoek_Western_Cape.html?m=66827,,0,,-33.91909,18.42199,"1 Petunia Street Mooiwater, Franschhoek 7690 South Africa",Franschhoek,Western Cape,South Africa,+27 81 436 6742,http://www.afrihag.co.za,,"Cape Town, South Africa",1722390
12128039,Kiff Kombi Tours,https://www.tripadvisor.com/Attraction_Review-g312659-d12128039-Reviews-Kiff_Kombi_Tours-Cape_Town_Central_Western_Cape.html?m=66827,4.9,355,,-33.917786,18.422117,"8 Kloof Street Buitenkloof Studios, 7th Floor, Cape Town Central 8001 South Africa",Cape Town Central,Western Cape,South Africa,+27 72 213 3888,http://www.kiffkombitours.co.za,,"Cape Town, South Africa",1722390
34036162,Luxe Haven Cape Town,https://www.tripadvisor.com/Attraction_Review-g1722390-d34036162-Reviews-Luxe_Haven_Cape_Town-Cape_Town_Western_Cape.html?m=66827,,0,,-33.91893,18.42233,22 Riebeek Street South Africa,Cape Town,Western Cape,South Africa,+27 81 665 8645,http://luxe-haven.co.za,,"Cape Town, South Africa",1722390
18977323,SAFARI.COM,https://www.tripadvisor.com/Attraction_Review-g312659-d18977323-Reviews-SAFARI_COM-Cape_Town_Central_Western_Cape.html?m=66827,4.9,254,,-33.91813,18.422554,"Watershed, 17 Dock Road Cape Town, Cape Town Central 8002 South Africa",Cape Town Central,Western Cape,South Africa,+27 21 468 7255,https://www.safari.com/,,"Cape Town, South Africa",1722390
1648075,Auriols Tours,https://www.tripadvisor.com/Attraction_Review-g312659-d1648075-Reviews-Auriols_Tours-Cape_Town_Central_Western_Cape.html?m=66827,4.8,79,,-33.91764,18.42292,Cape Town Central South Africa,Cape Town Central,Western Cape,South Africa,+27 84 988 1957,http://www.auriolstours.co.za/,,"Cape Town, South Africa",1722390
26639437,IQ Derma Cape Town,https://www.tripadvisor.com/Attraction_Review-g15134971-d26639437-Reviews-IQ_Derma_Cape_Town-Sea_Point_Western_Cape.html?m=66827,,0,,-33.91909,18.42199,"154 Main road, Sea point 5th floor, Unit 504, Sea Point 8005 South Africa",Sea Point,Western Cape,South Africa,+27 63 446 1638,https://iqdermacapetown.co.za/,,"Cape Town, South Africa",1722390
25153396,Picnic In The Park,https://www.tripadvisor.com/Attraction_Review-g2426991-d25153396-Reviews-Picnic_In_The_Park-Wynberg_Western_Cape.html?m=66827,,0,,-33.91909,18.42199,"58 Avenue Cnr Klaassens And, Trovato Link Rd Wynberg, Wynberg 7824 South Africa",Wynberg,Western Cape,South Africa,+27 72 652 1424,https://picnic-in-the-park.co.za/workshops/,,"Cape Town, South Africa",1722390
27158073,TRU.U - Self Portrait Photo Studio,https://www.tripadvisor.com/Attraction_Review-g312659-d27158073-Reviews-TRU_U_Self_Portrait_Photo_Studio-Cape_Town_Central_Western_Cape.html?m=66827,,0,,-33.91909,18.42199,"77 Albert Road, Woodstock, Cape Town Central 8001 South Africa",Cape Town Central,Western Cape,South Africa,+27 64 198 3442,https://tru-u.co.za/,,"Cape Town, South Africa",1722390
27086715,Bidvest International Departures,https://www.tripadvisor.com/Attraction_Review-g5509852-d27086715-Reviews-Bidvest_International_Departures-Matroosfontein_Western_Cape.html?m=66827,2.9,7,,-33.91909,18.42199,"Airport Ring Rd Cape Town International, Matroosfontein 7490 South Africa",Matroosfontein,Western Cape,South Africa,+27 21 140 4980,https://bidvestlounge.co.za/,,"Cape Town, South Africa",1722390
33065107,Zulazula 4x4,https://www.tripadvisor.com/Attraction_Review-g1722390-d33065107-Reviews-Zulazula_4x4-Cape_Town_Western_Cape.html?m=66827,5.0,7,,-33.91909,18.42199,South Africa,Cape Town,Western Cape,South Africa,admin@zulazula4x4.com,https://www.zulazula4x4.com/,,"Cape Town, South Africa",1722390
12794866,Msila Tours And Travel,https://www.tripadvisor.com/Attraction_Review-g312578-d12794866-Reviews-Msila_Tours_And_Travel-Johannesburg_Greater_Johannesburg_Gauteng.html?m=66827,,0,,-26.204103,28.047304,"222 Canford Ave Mondeor Jhb South Gauteng, Johannesburg 2091 South Africa",Johannesburg,Gauteng,South Africa,+27 11 027 9813,http://www.msilatours.co.za,,"Johannesburg, South Africa",312578
480607,Top of Africa,https://www.tripadvisor.com/Attraction_Review-g312578-d480607-Reviews-Top_of_Africa-Johannesburg_Greater_Johannesburg_Gauteng.html?m=66827,3.5,445,,-26.205036,28.04711,"Main Street near Krus Street top of the 50-story Carlton Centre, Johannesburg South Africa",Johannesburg,Gauteng,South Africa,331-6608,http://www.gauteng.net/attractions/entry/carlton_centre,,"Johannesburg, South Africa",312578
313837,Wesselton Diamond Cutting Company,https://www.tripadvisor.com/Attraction_Review-g312578-d313837-Reviews-Wesselton_Diamond_Cutting_Company-Johannesburg_Greater_Johannesburg_Gauteng.html?m=66827,,0,,-26.20501,28.05321,"5th Floor 216 Fox St, Johannesburg South Africa",Johannesburg,Gauteng,South Africa,+27 11 334 4868,,,"Johannesburg, South Africa",312578
2098426,Idube Elihle Johannesburg Day Tour,https://www.tripadvisor.com/Attraction_Review-g312578-d2098426-Reviews-Idube_Elihle_Johannesburg_Day_Tour-Johannesburg_Greater_Johannesburg_Gauteng.html?m=66827,5.0,1,,-26.20409,28.05422,"Commissioner Street Randpark Ridge, Johannesburg 2156 South Africa",Johannesburg,Gauteng,South Africa,+27 10 220 5145,http://www.idubeelihle.co.za,,"Johannesburg, South Africa",312578
7313035,Collectors Treasury,https://www.tripadvisor.com/Attraction_Review-g312578-d7313035-Reviews-Collectors_Treasury-Johannesburg_Greater_Johannesburg_Gauteng.html?m=66827,3.8,9,,-26.20413,28.05569,"244 Commissioner Street, Johannesburg 2094 South Africa",Johannesburg,Gauteng,South Africa,+27 11 334 6556,https://www.facebook.com/CollectorsTreasury,,"Johannesburg, South Africa",312578
27483310,Shades of Ngwenya,https://www.tripadvisor.com/Attraction_Review-g312581-d27483310-Reviews-Shades_of_Ngwenya-Muldersdrift_Greater_Johannesburg_Gauteng.html?m=66827,,0,,-26.20652,28.04415,"Shady Road, Muldersdrift South Africa",Muldersdrift,Gauteng,South Africa,+27 11 796 3006,http://www.shadesofngwenya.co.za,,"Johannesburg, South Africa",312578
8715483,Mpho Art & Design House,https://www.tripadvisor.com/Attraction_Review-g312578-d8715483-Reviews-Mpho_Art_Design_House-Johannesburg_Greater_Johannesburg_Gauteng.html?m=66827,,0,,-26.20447,28.05787,"264 Fox Street Studio 18, Arts on Main, Maboneng Precinct, Johannesburg 2193 South Africa",Johannesburg,Gauteng,South Africa,+27 11 027 5261,http://www.mphoart.co.za,,"Johannesburg, South Africa",312578
25280553,Caf Southern Africa,https://www.tripadvisor.com/Attraction_Review-g312578-d25280553-Reviews-Caf_Southern_Africa-Johannesburg_Greater_Johannesburg_Gauteng.html?m=66827,,0,,-26.20482,28.05923,"Kruger Street, Johannesburg South Africa",Johannesburg,Gauteng,South Africa,+27 78 479 0270,https://abnb.me/cjqv2ivvqwb,,"Johannesburg, South Africa",312578
21293714,The Original Shoreline,https://www.tripadvisor.com/Attraction_Review-g312659-d21293714-Reviews-The_Original_Shoreline-Cape_Town_Central_Western_Cape.html?m=66827,3.0,1,,-26.204735,28.08964,"Darling St & Buitenkant St, Cape Town Central 8000 South Africa",Cape Town Central,Western Cape,South Africa,+27 21 426 2157,http://theoriginalshoreline.org.za,,"Johannesburg, South Africa",312578
17390737,Maile Ventures,https://www.tripadvisor.com/Attraction_Review-g312578-d17390737-Reviews-Maile_Ventures-Johannesburg_Greater_Johannesburg_Gauteng.html?m=66827,,0,,-26.20624,28.06086,"14 Park Street, Krugersdorp., Johannesburg 1734 South Africa",Johannesburg,Gauteng,South Africa,+27 74 111 8012,https://www.maileventures.co.za,,"Johannesburg, South Africa",312578
28003898,Warm & Wild Safaris,https://www.tripadvisor.com/Attraction_Review-g294207-d28003898-Reviews-Warm_Wild_Safaris-Nairobi.html?m=66827,,0,,-1.282846,36.815933,Nairobi 5242-00100 Kenya,Nairobi,,Kenya,+254 754 666222,http://www.warmandwildsafaris.com,,"Nairobi, Kenya",294207
15804380,Lilac Roller Safaris,https://www.tripadvisor.com/Attraction_Review-g294207-d15804380-Reviews-Lilac_Roller_Safaris-Nairobi.html?m=66827,5.0,38,,-1.282834,36.81609,"Utalii Street View Park Towers 11th Floor, Nairobi 00607 Kenya",Nairobi,,Kenya,+254 717 885877,http://www.roller-safaris.co.ke,,"Nairobi, Kenya",294207
26713444,4X4 Africa,https://www.tripadvisor.com/Attraction_Review-g294207-d26713444-Reviews-4X4_Africa-Nairobi.html?m=66827,5.0,3,,-1.282801,36.81607,"View Park Towers, 14th Floor, Utali Street Nairobi, Nairobi 00254 Kenya",Nairobi,,Kenya,+254 735 430422,https://www.4x4africa.com/,,"Nairobi, Kenya",294207
12579866,Budget Africa Safari,https://www.tripadvisor.com/Attraction_Review-g294207-d12579866-Reviews-Budget_Africa_Safari-Nairobi.html?m=66827,5.0,29,,-1.282798,36.81584,"Utalii lane Nairobi Kenya viewpark Towers, Nairobi 00200 Kenya",Nairobi,,Kenya,+254 724 367146,http://www.budgetafricasafari.com,,"Nairobi, Kenya",294207
13360811,African Comfort Zone Safaris,https://www.tripadvisor.com/Attraction_Review-g294207-d13360811-Reviews-African_Comfort_Zone_Safaris-Nairobi.html?m=66827,4.9,52,,-1.282667,36.815914,Nairobi 00200 Kenya,Nairobi,,Kenya,+254 726 048275,http://www.aczsafaris.com/,,"Nairobi, Kenya",294207
19071875,Superlink Safaris,https://www.tripadvisor.com/Attraction_Review-g294207-d19071875-Reviews-Superlink_Safaris-Nairobi.html?m=66827,5.0,3,,-1.28266,36.81611,"Viepark Towers Viewpark Towers, Nairobi 00200 Kenya",Nairobi,,Kenya,+254 724 367146,http://www.superlinksafaris.com,,"Nairobi, Kenya",294207
23996251,Enkarewa Safaris Ltd,https://www.tripadvisor.com/Attraction_Review-g294207-d23996251-Reviews-Enkarewa_Safaris_Ltd-Nairobi.html?m=66827,5.0,45,,-1.282728,36.816196,"Utalii Lane View Park Tower, 12th Floor, Suite 1, Nairobi Kenya",Nairobi,,Kenya,+254 712 686542,http://enkarewasafaris.com,,"Nairobi, Kenya",294207
16659771,Exotique Tours and Travel,https://www.tripadvisor.com/Attraction_Review-g294207-d16659771-Reviews-Exotique_Tours_and_Travel-Nairobi.html?m=66827,5.0,1,,-1.28318,36.81628,"Hilton Hotel, Nairobi 00502 Kenya",Nairobi,,Kenya,+254 723 841010,http://www.exotiquetours.com,,"Nairobi, Kenya",294207
27764798,Chenggong  Tours,https://www.tripadvisor.com/Attraction_Review-g294207-d27764798-Reviews-Chenggong_Tours-Nairobi.html?m=66827,4.4,19,,-1.283132,36.816513,"A90 Block B, Suite 4, Nairobi 00200 Kenya",Nairobi,,Kenya,+254748682533,https://chenggongtourslimited.com/,,"Nairobi, Kenya",294207
12699003,Tukio Safaris,https://www.tripadvisor.com/Attraction_Review-g294207-d12699003-Reviews-Tukio_Safaris-Nairobi.html?m=66827,5.0,7,,-1.28266,36.81611,"View Park Towers 1352 Gpo, Nairobi 00100 Kenya",Nairobi,,Kenya,+254 736 902944,http://tukiosafaris.com/,,"Nairobi, Kenya",294207
25219093,Zenred Hair Salon Bangkok,https://www.tripadvisor.com/Attraction_Review-g293916-d25219093-Reviews-Zenred_Hair_Salon_Bangkok-Bangkok.html?m=66827,,0,,13.745595,100.53466,"Industrial Ring Rd Monopoly Park Mall, Bangkok 10120 Thailand",Bangkok,,Thailand,,https://www.zenredsalonbangkok.com,,"Bangkok, Thailand",293916
13778618,Bangkok Bootery,https://www.tripadvisor.com/Attraction_Review-g293916-d13778618-Reviews-Bangkok_Bootery-Bangkok.html?m=66827,3.6,10,,13.745978,100.53458,"991 Rama 1 Road Siam Paragon, Bangkok 10330 Thailand",Bangkok,,Thailand,+66 2 003 1633,http://www.bangkokbootery.com,,"Bangkok, Thailand",293916
25810881,N'Louis Happy Buds,https://www.tripadvisor.com/Attraction_Review-g293916-d25810881-Reviews-N_Louis_Happy_Buds-Bangkok.html?m=66827,,0,,13.74559,100.5346,"327 RamButtri, Talat Yot, Phra Nakhon,, Bangkok 10200 Thailand",Bangkok,,Thailand,+66 81 948 6609,,,"Bangkok, Thailand",293916
25150317,Gem Production,https://www.tripadvisor.com/Attraction_Review-g293916-d25150317-Reviews-Gem_Production-Bangkok.html?m=66827,4.5,2,,13.74559,100.5346,"Silom 15 Alley, Silom, Bang Rak, Bangkok 10500 Thailand",Bangkok,,Thailand,+66 2 635 1461,https://gem-production.co.th/shop/,,"Bangkok, Thailand",293916
30526598,Kliniq Spa,https://www.tripadvisor.com/Attraction_Review-g293916-d30526598-Reviews-Kliniq_Spa-Bangkok.html?m=66827,4.7,6,,13.745412,100.5341,"Siam Square One , 6th Floor, Bangkok Thailand",Bangkok,,Thailand,,,,"Bangkok, Thailand",293916
7745213,Let's Relax,https://www.tripadvisor.com/Attraction_Review-g293916-d7745213-Reviews-Let_s_Relax-Bangkok.html?m=66827,3.5,203,,13.745234,100.534294,"388 Rama I Rd Room SS6032, Siam Square One, Bangkok 10330 Thailand",Bangkok,,Thailand,+66 2 252 2228,https://letsrelaxspa.com/branch/siam-square-1/,,"Bangkok, Thailand",293916
32980077,First Aid Kiss House Of Scents,https://www.tripadvisor.com/Attraction_Review-g293916-d32980077-Reviews-First_Aid_Kiss_House_Of_Scents-Bangkok.html?m=66827,,0,,13.745415,100.5339,"388 Rama I Rd Siam Square One, Room SS2016, 2nd Floor, Bangkok 10330 Thailand",Bangkok,,Thailand,+66 97 361 7792,http://www.firstaidkiss.com,,"Bangkok, Thailand",293916
27995220,Unisound Bangkok,https://www.tripadvisor.com/Attraction_Review-g293916-d27995220-Reviews-Unisound_Bangkok-Bangkok.html?m=66827,,0,,13.745583,100.53244,"256ss2013-14 Lido Connect Building 2nd Floor, Siamsquare Soi 2 Rama 1 Rd., Pathumwan, Bangkok 10330 Thailand",Bangkok,,Thailand,+66 92 299 9161,https://unisoundbangkok.com/,,"Bangkok, Thailand",293916
27995219,Unit Film Camera,https://www.tripadvisor.com/Attraction_Review-g293916-d27995219-Reviews-Unit_Film_Camera-Bangkok.html?m=66827,5.0,1,,13.745597,100.53233,"Unit Film Camera 236/11 Siamsquare Commercial Bd., 2nd Floor Siamsquare Soi 2, Rama 1 Rd., Pathumwan, Bangkok 10330 Thailand",Bangkok,,Thailand,+66 2 252 3262,https://unit-filmcamera.com/,,"Bangkok, Thailand",293916
13426347,Selvedgework,https://www.tripadvisor.com/Attraction_Review-g293916-d13426347-Reviews-Selvedgework-Bangkok.html?m=66827,5.0,91,,13.745649,100.53209,"Soi Siam Square 2, Rama I Road Pathum Wan, Pathum Wan, Bangkok 10500 Thailand",Bangkok,,Thailand,+66 2 658 0486,http://www.selvedgework.com,,"Bangkok, Thailand",293916
26524992,"Elephant Swims @Lucky Beach, Tri Trang",https://www.tripadvisor.com/Attraction_Review-g297930-d26524992-Reviews-Elephant_Swims_Lucky_Beach_Tri_Trang-Patong_Kathu_Phuket.html?m=66827,2.8,10,,7.918059,98.346466,"78 2 Muen-Ngern Rd, Patong, Kathu, Phuket 83150 Thailand",Patong,Phuket,Thailand,+66 83 644 3548,https://elephant-swims.com/,,"Phuket, Thailand",293920
2180508,Phuket Mining Museum,https://www.tripadvisor.com/Attraction_Review-g297931-d2180508-Reviews-Phuket_Mining_Museum-Kathu_Phuket.html?m=66827,4.0,63,,7.933467,98.34945,"Moo 5, Kathu-Ko Kaeo Rd, Kathu, Phuket Thailand",Kathu,Phuket,Thailand,,http://www.kathucity.go.th/index.php?options=travel_government&mode=detail&id=3,,"Phuket, Thailand",293920
28215576,"Seven Plus Travel Co., Ltd.",https://www.tripadvisor.com/Attraction_Review-g1215781-d28215576-Reviews-Seven_Plus_Travel_Co_Ltd-Phuket_Town_Phuket.html?m=66827,3.0,2,,7.97152,98.35098,"Phuket Town, Phuket Thailand",Phuket Town,Phuket,Thailand,+66 83 503 5652,https://www.sevenplustravel.com/,,"Phuket, Thailand",293920
29018116,Know Plan Phuket Travel,https://www.tripadvisor.com/Attraction_Review-g293920-d29018116-Reviews-Know_Plan_Phuket_Travel-Phuket.html?m=66827,,0,,7.97152,98.35098,Phuket 83130 Thailand,Phuket,Phuket,Thailand,+66 88 390 6663,http://www.facebook.com/knowplanphukettravel,,"Phuket, Thailand",293920
34109361,Wasted Art Collective,https://www.tripadvisor.com/Attraction_Review-g293920-d34109361-Reviews-Wasted_Art_Collective-Phuket.html?m=66827,,0,,7.97152,98.35098,Phuket Thailand,Phuket,Phuket,Thailand,+66 84 013 0619,https://www.facebook.com/people/Wasted-Art-Collective/61583089990172/,,"Phuket, Thailand",293920
33255481,Loudy Taxi Service,https://www.tripadvisor.com/Attraction_Review-g2315803-d33255481-Reviews-Loudy_Taxi_Service-Thep_Krasattri_Thalang_District_Phuket.html?m=66827,5.0,1,,7.97152,98.35098,"Thep Krasattri, Phuket Thailand",Thep Krasattri,Phuket,Thailand,+66 86 664 2088,http://taxiservicephuket.com,,"Phuket, Thailand",293920
28126368,Boat Avenue Night Market,https://www.tripadvisor.com/Attraction_Review-g1224250-d28126368-Reviews-Boat_Avenue_Night_Market-Choeng_Thale_Thalang_District_Phuket.html?m=66827,4.4,5,,7.97152,98.35098,"Choeng Thale, Phuket 83110 Thailand",Choeng Thale,Phuket,Thailand,,,,"Phuket, Thailand",293920
28265659,Seven Plus Travel,https://www.tripadvisor.com/Attraction_Review-g26627450-d28265659-Reviews-Seven_Plus_Travel-Bang_Khu_Phuket.html?m=66827,,0,,7.97152,98.35098,"Bang Khu, Phuket Thailand",Bang Khu,Phuket,Thailand,+66 62 256 7120,https://www.facebook.com/sevenplustravel/,,"Phuket, Thailand",293920
27927286,SEAscape,https://www.tripadvisor.com/Attraction_Review-g297927-d27927286-Reviews-SEAscape-Krabi_Town_Krabi_Province.html?m=66827,,0,,7.97152,98.35098,Krabi Town Thailand,Krabi Town,Krabi Province,Thailand,+66 91 715 9999,https://www.facebook.com/ExclusiveYachtProvider,,"Phuket, Thailand",293920
28133571,Rush Sports Academy,https://www.tripadvisor.com/Attraction_Review-g1389361-d28133571-Reviews-Rush_Sports_Academy-Chalong_Phuket_Town_Phuket.html?m=66827,,0,,7.97152,98.35098,"26, 5 Pattana Soi 8, Chalong, Phuket Town, Phuket 83130 Thailand",Chalong,Phuket,Thailand,+66 82 465 8781,http://gorushsports.com,,"Phuket, Thailand",293920
26860236,Isara Elephant Village,https://www.tripadvisor.com/Attraction_Review-g790338-d26860236-Reviews-Isara_Elephant_Village-Mae_Chaem.html?m=66827,,0,,18.786184,98.99063,"Ban Chan, Subdistrict, Kalyani Vadhana, Mae Chaem 50270 Thailand",Mae Chaem,Chiang Mai Province,Thailand,,https://www.isaraelephant.org/,,"Chiang Mai, Thailand",293917
25363756,Atitan Art and Antique,https://www.tripadvisor.com/Attraction_Review-g293917-d25363756-Reviews-Atitan_Art_and_Antique-Chiang_Mai.html?m=66827,5.0,1,,18.786184,98.99063,"104 Rajchiangsane Rd, Chiang Mai 50100 Thailand",Chiang Mai,Chiang Mai Province,Thailand,+66 61 791 5154,,,"Chiang Mai, Thailand",293917
25165204,Elephant in Wild Sanctuary,https://www.tripadvisor.com/Attraction_Review-g293917-d25165204-Reviews-Elephant_in_Wild_Sanctuary-Chiang_Mai.html?m=66827,4.9,130,,18.786184,98.99063,Chiang Mai 50100 Thailand,Chiang Mai,Chiang Mai Province,Thailand,+66 65 429 9496,https://www.facebook.com/100081468405477,,"Chiang Mai, Thailand",293917
8638599,Chiangmai Elephant Sanctuary,https://www.tripadvisor.com/Attraction_Review-g293917-d8638599-Reviews-Chiangmai_Elephant_Sanctuary-Chiang_Mai.html?m=66827,4.3,226,,18.78633,98.99038,"136/8 Rachapakinai Rd, Chiang Mai 50200 Thailand",Chiang Mai,Chiang Mai Province,Thailand,+66 86 911 1274,http://chiangmaielephantsanctuary.com/,,"Chiang Mai, Thailand",293917
27969755,Ziri Massage and Spa,https://www.tripadvisor.com/Attraction_Review-g293917-d27969755-Reviews-Ziri_Massage_and_Spa-Chiang_Mai.html?m=66827,,0,,18.786676,98.990265,"Ratchapakhinai Rd Sri Phum Subdistrict, Chiang Mai 50200 Thailand",Chiang Mai,Chiang Mai Province,Thailand,+66 94 484 8168,https://www.facebook.com/profile.php?id=61550477223179,,"Chiang Mai, Thailand",293917
17450077,Nails & Brows By Ying,https://www.tripadvisor.com/Attraction_Review-g293917-d17450077-Reviews-Nails_Brows_By_Ying-Chiang_Mai.html?m=66827,4.9,11,,18.78701,98.99027,"Ratchapakhinai Rd, Phra Sing, Chiang Mai 50200 Thailand",Chiang Mai,Chiang Mai Province,Thailand,+66 89 669 9998,https://nails-brows-by-ying-beauty-salon.business.site/,,"Chiang Mai, Thailand",293917
1404084,Thai Orchid Cookery School,https://www.tripadvisor.com/Attraction_Review-g293917-d1404084-Reviews-Thai_Orchid_Cookery_School-Chiang_Mai.html?m=66827,5.0,906,,18.786806,98.98879,"1/1 Soi 8 Prapokkloa Road Prasing, Chiang Mai Thailand",Chiang Mai,Chiang Mai Province,Thailand,+66 80 499 8090,http://www.thaiorchidcooking.com/,,"Chiang Mai, Thailand",293917
26518846,All About Nails,https://www.tripadvisor.com/Attraction_Review-g293917-d26518846-Reviews-All_About_Nails-Chiang_Mai.html?m=66827,5.0,2,,18.787539,98.98999,"Kad Klang Wiang ,Ratchadamneon Road, Chiang Mai 50200 Thailand",Chiang Mai,Chiang Mai Province,Thailand,+66 64 228 9524,https://www.facebook.com/allaboutnailscnx?mibextid=zbwkwl,,"Chiang Mai, Thailand",293917
3646565,Pranom Health Massage,https://www.tripadvisor.com/Attraction_Review-g293917-d3646565-Reviews-Pranom_Health_Massage-Chiang_Mai.html?m=66827,4.8,206,,18.787796,98.990135,"Kad Klang Wiang , 71 Ratchadamnern Road T.Phasing A. Mueang, Chiang Mai 50200 Thailand",Chiang Mai,Chiang Mai Province,Thailand,+66 53 273 211,http://www.facebook.com/Pranomhealthmassage/,,"Chiang Mai, Thailand",293917
6771962,Kad Klang Wiang,https://www.tripadvisor.com/Attraction_Review-g293917-d6771962-Reviews-Kad_Klang_Wiang-Chiang_Mai.html?m=66827,3.8,12,,18.787935,98.98999,"71 Ratchadamnern Road Phrasing subdistrict, Chiang Mai Thailand",Chiang Mai,Chiang Mai Province,Thailand,,,,"Chiang Mai, Thailand",293917
23930454,Soma Fight Club,https://www.tripadvisor.com/Attraction_Review-g311298-d23930454-Reviews-Soma_Fight_Club-Canggu_North_Kuta_Bali.html?m=66827,4.8,16,,-8.405754,115.18945,"Jl. Raya Canggu Kuta Utara, Badung, Bali, Indonesia, Canggu 80361 Indonesia",Canggu,,Bali,+62 877-5611-8691,http://somafightclub.com/,,"Bali, Indonesia",294226
24919651,"Jimb Reef Surfschool, Jimbaran",https://www.tripadvisor.com/Attraction_Review-g297696-d24919651-Reviews-Jimb_Reef_Surfschool_Jimbaran-Jimbaran_South_Kuta_Bali.html?m=66827,5.0,4,,-8.405754,115.18945,"Jalan Bukit Permai No. 5 Access Only From The Beach, Next To Sundara Restaurant In Front Of Muaya Temple, Jimbaran 80361 Indonesia",Jimbaran,,Bali,+62 877-5571-8194,https://jimbaransurfschool.com,,"Bali, Indonesia",294226
26448971,Bali Tangti Holidays,https://www.tripadvisor.com/Attraction_Review-g297701-d26448971-Reviews-Bali_Tangti_Holidays-Ubud_Gianyar_Regency_Bali.html?m=66827,5.0,119,,-8.405754,115.18945,"Ubud, Ubud Indonesia",Ubud,,Bali,+62 813-3849-1044,https://balitangtiholiday.com,,"Bali, Indonesia",294226
27794007,Jin Lin Rinjani,https://www.tripadvisor.com/Attraction_Review-g2205372-d27794007-Reviews-Jin_Lin_Rinjani-Bayan_Lombok_West_Nusa_Tenggara.html?m=66827,4.9,18,,-8.4051,115.187,"Jalan Pariwisata Senaru, Bayan, Lombok 83354 Indonesia",Bayan,West Nusa Tenggara,Indonesia,+62 877-5049-2660,https://mtrinjanitrek.com/,,"Bali, Indonesia",294226
26878411,Ria's Massage on Call,https://www.tripadvisor.com/Attraction_Review-g297696-d26878411-Reviews-Ria_s_Massage_on_Call-Jimbaran_South_Kuta_Bali.html?m=66827,,0,,-8.405754,115.18945,"Jalan B Biru VI No.8 Balangan Pratama Residence, Jimbaran 80361 Indonesia",Jimbaran,,Bali,+62 818-0530-9503,https://rias-massage-on-call.business.site/,,"Bali, Indonesia",294226
26727382,Best Bali Guide,https://www.tripadvisor.com/Attraction_Review-g12634008-d26727382-Reviews-Best_Bali_Guide-Batubulan_Sukawati_Gianyar_Regency_Bali.html?m=66827,,0,,-8.405754,115.18945,"Batubulan, Sukawati Indonesia",Batubulan,,Bali,+62 361 976618,http://www.bestbaliguide.com/cgi-bin/db?product=home#view,,"Bali, Indonesia",294226
27800555,Senaru Trekking,https://www.tripadvisor.com/Attraction_Review-g12955895-d27800555-Reviews-Senaru_Trekking-Sembalun_Lawang_Lombok_West_Nusa_Tenggara.html?m=66827,,0,,-8.4051,115.187,"Sembalun Lawang, Lombok Indonesia",Sembalun Lawang,West Nusa Tenggara,Indonesia,+62 818-540-673,https://senarutrekking.com/,,"Bali, Indonesia",294226
15769062,Perkemahan Kampoeng Peneng,https://www.tripadvisor.com/Attraction_Review-g608480-d15769062-Reviews-Perkemahan_Kampoeng_Peneng-Baturiti_Bali.html?m=66827,5.0,1,,-8.379919,115.19181,"Banjar Dinas Peneng, Mekarsari, Baturiti 82191 Indonesia",Baturiti,,Bali,+62 813-3903-9595,http://perkemahankampoengpeneng.com,,"Bali, Indonesia",294226
27506807,Lensa Rinjani Trekker,https://www.tripadvisor.com/Attraction_Review-g2205372-d27506807-Reviews-Lensa_Rinjani_Trekker-Bayan_Lombok_West_Nusa_Tenggara.html?m=66827,5.0,30,,-8.4051,115.187,"Jalan Pariwisata Senaru Senaru, Bayan, Lombok 83354 Indonesia",Bayan,West Nusa Tenggara,Indonesia,+62 878-4924-6695,https://www.lensarinjanitrekker.com/,,"Bali, Indonesia",294226
28163416,Runia Rinjani,https://www.tripadvisor.com/Attraction_Review-g2205372-d28163416-Reviews-Runia_Rinjani-Bayan_Lombok_West_Nusa_Tenggara.html?m=66827,,0,,-8.4051,115.187,"Jalan Pariwisata Senaru, Bayan, Lombok 83354 Indonesia",Bayan,West Nusa Tenggara,Indonesia,,https://runiarinjani.com,,"Bali, Indonesia",294226
26610650,Jwjajajaj,https://www.tripadvisor.com/Attraction_Review-g294229-d26610650-Reviews-Jwjajajaj-Jakarta_Java.html?m=66827,,0,,-6.202333,106.84238,"Lalalalaal, Jakarta Indonesia",Jakarta,,Indonesia,,,,"Jakarta, Indonesia",294229
13172723,T Lounge,https://www.tripadvisor.com/Attraction_Review-g294229-d13172723-Reviews-T_Lounge-Jakarta_Java.html?m=66827,,0,,-6.199388,106.842255,"Jl. Pegangsaan Timur no. 17 DoubleTree by Hilton Hotel, Jakarta 10310 Indonesia",Jakarta,,Indonesia,,,,"Jakarta, Indonesia",294229
13172722,Pool Bar DoubleTree,https://www.tripadvisor.com/Attraction_Review-g294229-d13172722-Reviews-Pool_Bar_DoubleTree-Jakarta_Java.html?m=66827,,0,,-6.199388,106.842255,"Jl. Pegangsaan Timur no. 17 Doubletree by Hilton, Jakarta 10310 Indonesia",Jakarta,,Indonesia,,http://doubletree3.hilton.com/en/hotels/indonesia/doubletree-by-hilton-hotel-jakarta-diponegoro-JKTDIDI/dining/index.html,,"Jakarta, Indonesia",294229
6725477,Cikini Gold Center,https://www.tripadvisor.com/Attraction_Review-g294229-d6725477-Reviews-Cikini_Gold_Center-Jakarta_Java.html?m=66827,4.0,322,,-6.198286,106.84164,"Jln. Pegangsaan Barat/Timur, Jakarta 10320 Indonesia",Jakarta,,Indonesia,+62 131 9090 88,http://www.cikinigoldcenter.com,,"Jakarta, Indonesia",294229
27178339,Local Cinema,https://www.tripadvisor.com/Attraction_Review-g294229-d27178339-Reviews-Local_Cinema-Jakarta_Java.html?m=66827,4.0,1,,-6.202333,106.84238,"Jalan RS Fatmawati Lottemart Fatmawati, Jakarta Indonesia",Jakarta,,Indonesia,,,,"Jakarta, Indonesia",294229
33399247,Jembatan Petek'an,https://www.tripadvisor.com/Attraction_Review-g297715-d33399247-Reviews-Jembatan_Petek_an-Surabaya_East_Java_Java.html?m=66827,2.0,1,,-6.198989,106.83983,"Jl. Jakarta,, Surabaya Indonesia",Surabaya,East Java,Indonesia,,https://pesonacagarbudayasurabaya.wordpress.com/2013/09/29/jembatan-petekanferwerdarbrug/,,"Jakarta, Indonesia",294229
2587868,Flea Market at Jalan Surabaya,https://www.tripadvisor.com/Attraction_Review-g294229-d2587868-Reviews-Flea_Market_at_Jalan_Surabaya-Jakarta_Java.html?m=66827,3.8,410,,-6.197372,106.839195,"Surabaya St No.20-21, Jakarta 10310 Indonesia",Jakarta,,Indonesia,,https://www.facebook.com/Pasar-Antik-DAN-Koper-108203532631363/,,"Jakarta, Indonesia",294229
23419093,Inasports88,https://www.tripadvisor.com/Attraction_Review-g294229-d23419093-Reviews-Inasports88-Jakarta_Java.html?m=66827,5.0,1,,-6.202333,106.84238,"Jln. Kebon Sirih, Jakarta Indonesia",Jakarta,,Indonesia,,http://swipelife.com,,"Jakarta, Indonesia",294229
27166027,Kedaton Tropical Spa,https://www.tripadvisor.com/Attraction_Review-g294229-d27166027-Reviews-Kedaton_Tropical_Spa-Jakarta_Java.html?m=66827,5.0,1,,-6.202333,106.84238,"Soekarno Hatta International Airport Terminal 1 Arrivals next to the hotel, Jakarta Indonesia",Jakarta,,Indonesia,+62 812-8337-8212,,,"Jakarta, Indonesia",294229
26310110,Ghjjk,https://www.tripadvisor.com/Attraction_Review-g294229-d26310110-Reviews-Ghjjk-Jakarta_Java.html?m=66827,,0,,-6.202333,106.84238,"Dfghhh Fghh, Jakarta Indonesia",Jakarta,,Indonesia,+62 855-776-677,,,"Jakarta, Indonesia",294229
26222810,Good Times DIY Baking Studio,https://www.tripadvisor.com/Attraction_Review-g298570-d26222810-Reviews-Good_Times_DIY_Baking_Studio-Kuala_Lumpur_Wilayah_Persekutuan.html?m=66827,,0,,3.156802,101.69717,"L2-052, No 6 Jalan Cochrane Seksyen 90, Mytown Shopping Mall, Kuala Lumpur 55100 Malaysia",Kuala Lumpur,,Malaysia,+60 11-1129 6208,https://www.goodtimesdiy.my/,,"Kuala Lumpur, Malaysia",298570
25184529,Devnani Jewels,https://www.tripadvisor.com/Attraction_Review-g298570-d25184529-Reviews-Devnani_Jewels-Kuala_Lumpur_Wilayah_Persekutuan.html?m=66827,5.0,1,,3.156802,101.69717,"38 Level G3, Publika Shopping Gallery Solaris Dutamas, Kuala Lumpur 50480 Malaysia",Kuala Lumpur,,Malaysia,+60 3-6203 3228,http://www.devnanijewels.com,,"Kuala Lumpur, Malaysia",298570
26340057,Tsutaya Books Bukit Jalil,https://www.tripadvisor.com/Attraction_Review-g298570-d26340057-Reviews-Tsutaya_Books_Bukit_Jalil-Kuala_Lumpur_Wilayah_Persekutuan.html?m=66827,5.0,1,,3.156802,101.69717,"Pavillion Bukit Jalil, Kuala Lumpur Malaysia",Kuala Lumpur,,Malaysia,,,,"Kuala Lumpur, Malaysia",298570
13565322,Pertama Complex,https://www.tripadvisor.com/Attraction_Review-g298570-d13565322-Reviews-Pertama_Complex-Kuala_Lumpur_Wilayah_Persekutuan.html?m=66827,3.4,23,,3.157572,101.69599,"Jalan Tuanku Abdul Rahman Chow Kit, Kuala Lumpur 50350 Malaysia",Kuala Lumpur,,Malaysia,+60 3-2691 6599,http://www.udamall.my/properties/pertama-complex,,"Kuala Lumpur, Malaysia",298570
456584,Jalan Tuanku Abdul Rahman,https://www.tripadvisor.com/Attraction_Review-g298570-d456584-Reviews-Jalan_Tuanku_Abdul_Rahman-Kuala_Lumpur_Wilayah_Persekutuan.html?m=66827,3.9,281,,3.159193,101.69657,Kuala Lumpur Malaysia,Kuala Lumpur,,Malaysia,,,,"Kuala Lumpur, Malaysia",298570
8815639,Ayasofea Hammami Spa & Salon,https://www.tripadvisor.com/Attraction_Review-g298570-d8815639-Reviews-Ayasofea_Hammami_Spa_Salon-Kuala_Lumpur_Wilayah_Persekutuan.html?m=66827,,0,,3.158194,101.69543,"232 Jalan Tuanku Abdul Rahman Level 5, Busana @ Menara Mara, Kuala Lumpur 50100 Malaysia",Kuala Lumpur,,Malaysia,+60 3-2602 2427,,,"Kuala Lumpur, Malaysia",298570
15547304,Medan Mara,https://www.tripadvisor.com/Attraction_Review-g298570-d15547304-Reviews-Medan_Mara-Kuala_Lumpur_Wilayah_Persekutuan.html?m=66827,,0,,3.15811,101.69523,"Jalan Raja Laut Medan Mara, Kuala Lumpur 50350 Malaysia",Kuala Lumpur,,Malaysia,+60 3-2698 1098,https://www.facebook.com/Spa-Kasih-Anana-115536838529683/,,"Kuala Lumpur, Malaysia",298570
1460665,Semua House,https://www.tripadvisor.com/Attraction_Review-g298570-d1460665-Reviews-Semua_House-Kuala_Lumpur_Wilayah_Persekutuan.html?m=66827,3.4,134,,3.154814,101.69728,"Jalan Bunus 6 Jalan Masjid India, Kuala Lumpur 50100 Malaysia",Kuala Lumpur,,Malaysia,+60 3-2693 5899,https://www.semuahouse.com/,,"Kuala Lumpur, Malaysia",298570
32719254,Namaste Nails & Spa,https://www.tripadvisor.com/Attraction_Review-g298570-d32719254-Reviews-Namaste_Nails_Spa-Kuala_Lumpur_Wilayah_Persekutuan.html?m=66827,,0,,3.154155,101.69717,"No 86-88, Level 2, Jalan Masjid India, 50100, Kuala Lumpur 50100 Malaysia",Kuala Lumpur,,Malaysia,,,,"Kuala Lumpur, Malaysia",298570
19031158,Masjid India,https://www.tripadvisor.com/Attraction_Review-g298570-d19031158-Reviews-Masjid_India-Kuala_Lumpur_Wilayah_Persekutuan.html?m=66827,2.8,6,,3.1536,101.69698,"3, Lorong Tuanku Abdul Rahman, Kuala Lumpur 50100 Malaysia",Kuala Lumpur,,Malaysia,,,,"Kuala Lumpur, Malaysia",298570
32812824,Phuong Noi Souvenir,https://www.tripadvisor.com/Attraction_Review-g293924-d32812824-Reviews-Phuong_Noi_Souvenir-Hanoi.html?m=66827,5.0,2,,21.033974,105.84991,"So 2 Luong Van Can 23 Hàng Bồ, Hanoi Vietnam",Hanoi,,Vietnam,+84375669477,http://phuongnoi.com.vn,,"Hanoi, Vietnam",293924
28986296,Pu Luong Retreat,https://www.tripadvisor.com/Attraction_Review-g14794534-d28986296-Reviews-Pu_Luong_Retreat-Ba_Thuoc_Thanh_Hoa_Province.html?m=66827,,0,,21.033333,105.84962,Ba Thuoc Vietnam,Ba Thuoc,Thanh Hoa Province,Vietnam,+84 24 3823 9988,http://puluongretreat.com,,"Hanoi, Vietnam",293924
24832066,Toptour Viet Nam Travel,https://www.tripadvisor.com/Attraction_Review-g293924-d24832066-Reviews-Toptour_Viet_Nam_Travel-Hanoi.html?m=66827,,0,,21.033333,105.84962,"50 Ngo Huyen, Hoan Kiem, Hanoi Vietnam",Hanoi,,Vietnam,+84 399 777 820,http://toptourtravel.vn,,"Hanoi, Vietnam",293924
25442823,Xin Chao Tours,https://www.tripadvisor.com/Attraction_Review-g293924-d25442823-Reviews-Xin_Chao_Tours-Hanoi.html?m=66827,,0,,21.033333,105.84962,"27 Hang Bac, Hoan Hiem, Hanoi Vietnam",Hanoi,,Vietnam,+84 90 346 43 83,http://www.xinchaotours.com/,,"Hanoi, Vietnam",293924
27801307,Authentic Hanoi Travel,https://www.tripadvisor.com/Attraction_Review-g293924-d27801307-Reviews-Authentic_Hanoi_Travel-Hanoi.html?m=66827,,0,,21.033333,105.84962,Hanoi Vietnam,Hanoi,,Vietnam,+84 35 630 1987,https://www.facebook.com/authentichanoitravel,,"Hanoi, Vietnam",293924
1442944,Phuc Loi Shop,https://www.tripadvisor.com/Attraction_Review-g293924-d1442944-Reviews-Phuc_Loi_Shop-Hanoi.html?m=66827,4.7,30,,21.03302,105.8501,"6 Hang Quat, Hanoi Vietnam",Hanoi,,Vietnam,04-8245171 ,,,"Hanoi, Vietnam",293924
15153328,Việt Anh Travel,https://www.tripadvisor.com/Attraction_Review-g293924-d15153328-Reviews-Vi_t_Anh_Travel-Hanoi.html?m=66827,5.0,28,,21.033335,105.8501,"20 Ward Luong Van Can, Hanoi 100000 Vietnam",Hanoi,,Vietnam,+84 98 111 08 83,http://www.facebook.com/artyhometravel,,"Hanoi, Vietnam",293924
26454028,GP Home Handicraft,https://www.tripadvisor.com/Attraction_Review-g293924-d26454028-Reviews-GP_Home_Handicraft-Hanoi.html?m=66827,5.0,9,,21.033379,105.85008,"S_ 18, Luong Van Can street, Hang Dao Ward Gp Home Store, Hanoi 11000 Vietnam",Hanoi,,Vietnam,+84 96 522 64 65,https://gphomecraft.com/,,"Hanoi, Vietnam",293924
34088977,Kenny Travel And  Tours,https://www.tripadvisor.com/Attraction_Review-g293924-d34088977-Reviews-Kenny_Travel_And_Tours-Hanoi.html?m=66827,,0,,21.033422,105.8501,"20 Luong van can, phuong hang dao, quan hoan kiem ha noi, Hanoi 110000 Vietnam",Hanoi,,Vietnam,+84 94 747 20 01,,,"Hanoi, Vietnam",293924
33393912,Home Massage - Relax & Heal,https://www.tripadvisor.com/Attraction_Review-g293924-d33393912-Reviews-Home_Massage_Relax_Heal-Hanoi.html?m=66827,5.0,3,,21.033075,105.85021,"Hang Quat Street, Hoan Kiem District, Hanoi, Vietnam, Hanoi 100000 Vietnam",Hanoi,,Vietnam,+84339 978 268,https://homemassage.online/,,"Hanoi, Vietnam",293924
32894718,Champmont Waypoint,https://www.tripadvisor.com/Attraction_Review-g1498190-d32894718-Reviews-Champmont_Waypoint-Ho_Volta_Region.html?m=66827,,0,,6.60084,0.4713,"Logba Tota, Ho Ghana",Ho,,Ghana,,,,"Ho Chi Minh City, Vietnam",1498190
14176058,Kalakpa Nature Reserve,https://www.tripadvisor.com/Attraction_Review-g15304749-d14176058-Reviews-Kalakpa_Nature_Reserve-Adaklu_Anyigbe_Volta_Region.html?m=66827,3.3,4,,6.482349,0.483013,Adaklu-Anyigbe Ghana,Adaklu-Anyigbe,,Ghana,,http://www.kalakpa.com,,"Ho Chi Minh City, Vietnam",1498190
26158828,Hyu Cafe,https://www.tripadvisor.com/Attraction_Review-g294197-d26158828-Reviews-Hyu_Cafe-Seoul.html?m=66827,,0,,37.51502,127.01647,"6, Myeongmul-gil, Seodaemun-gu 5th Floor, Seoul 03777 South Korea",Seoul,,South Korea,,,,"Seoul, South Korea",294197
26688594,The Foot Shop,https://www.tripadvisor.com/Attraction_Review-g294197-d26688594-Reviews-The_Foot_Shop-Seoul.html?m=66827,4.5,2,,37.51502,127.01647,"21 Myeongdong 7-gil, Jung-gu 4th Floor, Seoul South Korea",Seoul,,South Korea,+82 2-3789-8866,,,"Seoul, South Korea",294197
27622354,Jhouse,https://www.tripadvisor.com/Attraction_Review-g294197-d27622354-Reviews-Jhouse-Seoul.html?m=66827,,0,,37.517075,127.01769,"Exit 11, Gangnam Station, Seoul South Korea",Seoul,,South Korea,+82 10-5840-9500,http://flow.page/jhouseseoul,,"Seoul, South Korea",294197
3727477,Spa Lei,https://www.tripadvisor.com/Attraction_Review-g294197-d3727477-Reviews-Spa_Lei-Seoul.html?m=66827,3.8,88,,37.518288,127.01811,"8-22 Jamwon-dong, Seocho-gu, Seoul South Korea",Seoul,,South Korea,+82 2-545-4113,http://www.spalei.co.kr,,"Seoul, South Korea",294197
2321641,Q Spa & Clinic,https://www.tripadvisor.com/Attraction_Review-g294197-d2321641-Reviews-Q_Spa_Clinic-Seoul.html?m=66827,4.7,11,,37.518635,127.01819,"5F, Riverside Hotel 6-1, Jamwon-dong, Seocho-gu, Seoul South Korea",Seoul,,South Korea,+82 2-3442-7888,http://www.qspaclinic.com,,"Seoul, South Korea",294197
25094842,Hangang Bridge,https://www.tripadvisor.com/Attraction_Review-g294197-d25094842-Reviews-Hangang_Bridge-Seoul.html?m=66827,5.0,1,,37.51502,127.01647,Seoul South Korea,Seoul,,South Korea,,,,"Seoul, South Korea",294197
25091805,Taewonjeon,https://www.tripadvisor.com/Attraction_Review-g294197-d25091805-Reviews-Taewonjeon-Seoul.html?m=66827,4.0,1,,37.51502,127.01647,"Sejongno, Jongno-gu, Seoul South Korea",Seoul,,South Korea,,,,"Seoul, South Korea",294197
27165821,Hanahzo,https://www.tripadvisor.com/Attraction_Review-g294197-d27165821-Reviews-Hanahzo-Seoul.html?m=66827,,0,,37.51502,127.01647,"37, Changdeokgung 1-gil, Jongno-gu, Seoul South Korea",Seoul,,South Korea,,http://www.hanahzo.com,,"Seoul, South Korea",294197
25094844,Dongjak Bridge,https://www.tripadvisor.com/Attraction_Review-g294197-d25094844-Reviews-Dongjak_Bridge-Seoul.html?m=66827,4.0,1,,37.51502,127.01647,"386 Ichon-dong, Yongsan-gu, Seoul South Korea",Seoul,,South Korea,,,,"Seoul, South Korea",294197
26641110,SK Olympic Handball Gymnasium,https://www.tripadvisor.com/Attraction_Review-g294197-d26641110-Reviews-SK_Olympic_Handball_Gymnasium-Seoul.html?m=66827,,0,,37.51502,127.01647,"424 Olympic-ro, Songpa-gu, Seoul South Korea",Seoul,,South Korea,,,,"Seoul, South Korea",294197
27121457,Xi'an Romance shows,https://www.tripadvisor.com/Attraction_Review-g298557-d27121457-Reviews-Xi_an_Romance_shows-Xi_an_Shaanxi.html?m=66827,,0,,34.25381,108.93585,"Debaomen, World Expo Park, Chanba Ecological Zone, Xi'an China",Xi'an,Shaanxi,China,+86 136 6111 9334,https://www.songcn.com/eternallove/xa.shtml,,"Xi'an, China",298557
26286225,Cultural Palace Singing & Dancing Hall,https://www.tripadvisor.com/Attraction_Review-g298557-d26286225-Reviews-Cultural_Palace_Singing_Dancing_Hall-Xi_an_Shaanxi.html?m=66827,,0,,34.25381,108.93585,"No. 300, Huancheng West Road, Xi'an China",Xi'an,Shaanxi,China,,,,"Xi'an, China",298557
27122711,Xi'an Qianguqing,https://www.tripadvisor.com/Attraction_Review-g298557-d27122711-Reviews-Xi_an_Qianguqing-Xi_an_Shaanxi.html?m=66827,,0,,34.25381,108.93585,"Xi'an Expo Park, Xi'an 710024 China",Xi'an,Shaanxi,China,+86 136 6111 9334,http://www.songcn.com,,"Xi'an, China",298557
27125730,Xi'an QianGuQing,https://www.tripadvisor.com/Attraction_Review-g298557-d27125730-Reviews-Xi_an_QianGuQing-Xi_an_Shaanxi.html?m=66827,,0,,34.25381,108.93585,"Debao Gate, World Expo Park, World Expo Avenue, Baqiao District, Xi'an 710086 China",Xi'an,Shaanxi,China,,,,"Xi'an, China",298557
1805614,Hanguanmen Site Museum of Xi'an Tang City Wall,https://www.tripadvisor.com/Attraction_Review-g298557-d1805614-Reviews-Hanguanmen_Site_Museum_of_Xi_an_Tang_City_Wall-Xi_an_Shaanxi.html?m=66827,4.0,14,,34.25412,108.93262,"South of Tianshuijing Main Street, Beilin District, Xi'an 710000 China",Xi'an,Shaanxi,China,,,,"Xi'an, China",298557
2454427,Tianshuijing Catholic Church,https://www.tripadvisor.com/Attraction_Review-g298557-d2454427-Reviews-Tianshuijing_Catholic_Church-Xi_an_Shaanxi.html?m=66827,4.3,52,,34.25578,108.93435,"Wuxing Street, Xi'an China",Xi'an,Shaanxi,China,,,,"Xi'an, China",298557
28027977,Luan Ma 1/2 Photography,https://www.tripadvisor.com/Attraction_Review-g298557-d28027977-Reviews-Luan_Ma_1_2_Photography-Xi_an_Shaanxi.html?m=66827,,0,,34.250633,108.93256,"No. 177, Hanguang North Road F7 Floor, Hanguang Building, Beilin District, Xi'an China",Xi'an,Shaanxi,China,+86 186 9109 2031,,,"Xi'an, China",298557
3373968,Suzaku flower Market,https://www.tripadvisor.com/Attraction_Review-g298557-d3373968-Reviews-Suzaku_flower_Market-Xi_an_Shaanxi.html?m=66827,,0,,34.24698,108.93209,"Han Guang Lu BeiDuan ( Jin NanErHuan XinDongFangXueXiao ), Xi'an China",Xi'an,Shaanxi,China,,,,"Xi'an, China",298557
2452529,Tour Easy China,https://www.tripadvisor.com/Attraction_Review-g298557-d2452529-Reviews-Tour_Easy_China-Xi_an_Shaanxi.html?m=66827,4.6,11,,34.244324,108.931946,"89#, Chang An South Road, Xi'an 710068 China",Xi'an,Shaanxi,China,+86 139 9289 2813,http://www.toureasychina.com,,"Xi'an, China",298557
27884436,"City Wall, Xiao Nanmen, Xi'an",https://www.tripadvisor.com/Attraction_Review-g298557-d27884436-Reviews-City_Wall_Xiao_Nanmen_Xi_an-Xi_an_Shaanxi.html?m=66827,5.0,1,,34.25369,108.9385,"City Wall Xian Xiao Nanmen, Xi'an China",Xi'an,Shaanxi,China,,,,"Xi'an, China",298557
1997057,Zhonghua Gongyi Guan,https://www.tripadvisor.com/Attraction_Review-g13808853-d1997057-Reviews-Zhonghua_Gongyi_Guan-Zhongzheng_District_Taipei.html?m=66827,4.2,18,,25.04193,121.51902,"No.1 Xuzhou Road, Zhongzheng District, Taipei Taiwan",Zhongzheng District,,Taiwan,+886 2 2321 7233,,,"Taipei, Taiwan",293913
25952533,Wenshan Forest Park,https://www.tripadvisor.com/Attraction_Review-g13808394-d25952533-Reviews-Wenshan_Forest_Park-Wenshan_Taipei.html?m=66827,4.0,1,,25.040995,121.51789,"Wenshan, Taipei Taiwan",Wenshan,,Taiwan,+886 2 2788 4255,,,"Taipei, Taiwan",293913
2071593,Evergreen Maritime Museum,https://www.tripadvisor.com/Attraction_Review-g13808853-d2071593-Reviews-Evergreen_Maritime_Museum-Zhongzheng_District_Taipei.html?m=66827,4.1,131,,25.038977,121.518585,"No.11 Zhongshan South Road 1st-5th Floor, Zhongzheng District, Taipei 100 Taiwan",Zhongzheng District,,Taiwan,+886 2 2351 6699,http://www.evergreenmuseum.org.tw/,,"Taipei, Taiwan",293913
552578,National Theatre,https://www.tripadvisor.com/Attraction_Review-g13808853-d552578-Reviews-National_Theatre-Zhongzheng_District_Taipei.html?m=66827,4.2,153,,25.03555,121.51835,"No21-1, Zhongshan S. Rd.,, Zhongzheng District, Taipei Taiwan",Zhongzheng District,,Taiwan,+886 2 3393 9888,,,"Taipei, Taiwan",293913
10793967,Bridal Street (Aiguo East Road),https://www.tripadvisor.com/Attraction_Review-g13808853-d10793967-Reviews-Bridal_Street_Aiguo_East_Road-Zhongzheng_District_Taipei.html?m=66827,3.0,4,,25.034231,121.51825,"Aikuo E. Rd, Zhongzheng Dist., Zhongzheng District, Taipei 100 Taiwan",Zhongzheng District,,Taiwan,,,,"Taipei, Taiwan",293913
8455033,Jingshishuxuan,https://www.tripadvisor.com/Attraction_Review-g13808853-d8455033-Reviews-Jingshishuxuan-Zhongzheng_District_Taipei.html?m=66827,4.4,9,,25.03709,121.51862,"No. 21 Zhongshan South Road, Zhongzheng District, Zhongzheng District, Taipei Taiwan",Zhongzheng District,,Taiwan,+886 2 2356 0701,http://www.jingsi.com.tw/main_index/book_cafe/b,,"Taipei, Taiwan",293913
10671192,Museum of Medical Humanities,https://www.tripadvisor.com/Attraction_Review-g13808853-d10671192-Reviews-Museum_of_Medical_Humanities-Zhongzheng_District_Taipei.html?m=66827,4.0,5,,25.03943,121.51889,"No.1, Sec.1, Ren'ai Road Zhongzheng Dist, Zhongzheng District, Taipei 10051 Taiwan",Zhongzheng District,,Taiwan,+886 2 2312 3456,http://mmh.mc.ntu.edu.tw/howtoget.html,,"Taipei, Taiwan",293913
12049501,Liberty Square,https://www.tripadvisor.com/Attraction_Review-g13808853-d12049501-Reviews-Liberty_Square-Zhongzheng_District_Taipei.html?m=66827,4.4,149,,25.03616,121.51874,"Democracy Blvd, Zhongzheng District, Taipei 100 Taiwan",Zhongzheng District,,Taiwan,,,,"Taipei, Taiwan",293913
25210332,Painted Nail Salon,https://www.tripadvisor.com/Attraction_Review-g293913-d25210332-Reviews-Painted_Nail_Salon-Taipei.html?m=66827,,0,,25.040995,121.51789,"Yanji St Da-an District, Taipei Taiwan",Taipei,,Taiwan,+886 931 100 070,https://www.facebook.com/331934200241479,,"Taipei, Taiwan",293913
23481217,Authentravel,https://www.tripadvisor.com/Attraction_Review-g293913-d23481217-Reviews-Authentravel-Taipei.html?m=66827,,0,,25.040995,121.51789,"12f-2, No. 390, Zhonghe Road, Zhongehe District, Taipei Taiwan",Taipei,,Taiwan,,,,"Taipei, Taiwan",293913
25182305,Skydrive Auckland International Airport,https://www.tripadvisor.com/Attraction_Review-g1811027-d25182305-Reviews-Skydrive_Auckland_International_Airport-Auckland_North_Island.html?m=66827,3.2,31,,-36.87216,174.76529,"400 George Bolt Memorial Drive, Auckland 2022 New Zealand",Auckland,,New Zealand,,,,"Auckland, New Zealand",1811027
25263119,New Zealand Natural Mission Bay,https://www.tripadvisor.com/Attraction_Review-g1811027-d25263119-Reviews-New_Zealand_Natural_Mission_Bay-Auckland_North_Island.html?m=66827,,0,,-36.87216,174.76529,"2/35 Tamaki Drive, Mission Bay, Auckland 1071 New Zealand",Auckland,,New Zealand,+64 9-521 3424,,,"Auckland, New Zealand",1811027
34093730,Tahaki Reserve,https://www.tripadvisor.com/Attraction_Review-g255106-d34093730-Reviews-Tahaki_Reserve-Auckland_Central_North_Island.html?m=66827,5.0,1,,-36.87162,174.76282,"8 Normanby Road, Auckland Central, Auckland 1024 New Zealand",Auckland Central,,New Zealand,,https://www.aucklandcouncil.govt.nz/parks-recreation/pages/default.aspx,,"Auckland, New Zealand",1811027
10213275,Mobile Art Gallery,https://www.tripadvisor.com/Attraction_Review-g255106-d10213275-Reviews-Mobile_Art_Gallery-Auckland_Central_North_Island.html?m=66827,5.0,1,,-36.871082,174.7627,"23 Edwin Street Mt Eden, Auckland Central, Auckland 1024 New Zealand",Auckland Central,,New Zealand,+64 9-630 6543,http://mobileart.co.nz,,"Auckland, New Zealand",1811027
13566446,Airport Shuttle Transfers & Taxi Services,https://www.tripadvisor.com/Attraction_Review-g1811027-d13566446-Reviews-Airport_Shuttle_Transfers_Taxi_Services-Auckland_North_Island.html?m=66827,3.7,9,,-36.87064,174.76257,Auckland New Zealand,Auckland,,New Zealand,+64 21 743 321,http://www.bookaride.co.nz/,,"Auckland, New Zealand",1811027
12839924,Linenz Direct Homeware & Gifts,https://www.tripadvisor.com/Attraction_Review-g3340804-d12839924-Reviews-Linenz_Direct_Homeware_Gifts-Mount_Eden_North_Island.html?m=66827,,0,,-36.88137,174.7622,"430 Mount Eden Road, Mount Eden, Auckland 1024 New Zealand",Mount Eden,,New Zealand,+64 9-638 9788,http://www.linenzdirect.com,,"Auckland, New Zealand",1811027
3971657,Forme Spa & Wellbeing Mt Eden,https://www.tripadvisor.com/Attraction_Review-g255106-d3971657-Reviews-Forme_Spa_Wellbeing_Mt_Eden-Auckland_Central_North_Island.html?m=66827,4.7,23,,-36.87968,174.76155,"396 Mount Eden Road Mt Eden, Auckland Central, Auckland 1024 New Zealand",Auckland Central,,New Zealand,+64 9-623 3242,http://www.endota.com/nz,,"Auckland, New Zealand",1811027
28578440,Naree Thai Massage,https://www.tripadvisor.com/Attraction_Review-g255106-d28578440-Reviews-Naree_Thai_Massage-Auckland_Central_North_Island.html?m=66827,5.0,2,,-36.871056,174.76103,"2e/151 Mount Eden Road, Auckland Central, Auckland 1024 New Zealand",Auckland Central,,New Zealand,+64 27 289 6656,http://www.nareemassage.com/,,"Auckland, New Zealand",1811027
8775183,Time Out Bookstore,https://www.tripadvisor.com/Attraction_Review-g255106-d8775183-Reviews-Time_Out_Bookstore-Auckland_Central_North_Island.html?m=66827,4.6,14,,-36.881435,174.76204,"432 Mount Eden Road Mt Eden Village, Auckland Central, Auckland 1024 New Zealand",Auckland Central,,New Zealand,+64 9-630 3331,http://www.timeout.co.nz,,"Auckland, New Zealand",1811027
13368301,Hair & Bodybliss,https://www.tripadvisor.com/Attraction_Review-g3340804-d13368301-Reviews-Hair_Bodybliss-Mount_Eden_North_Island.html?m=66827,3.5,2,,-36.88218,174.76192,"443 Mount Eden Road, Mount Eden, Auckland 1024 New Zealand",Mount Eden,,New Zealand,+64 9-630 2105,http://hairandbodybliss.co.nz/,,"Auckland, New Zealand",1811027
26368851,Birdy Queenstown,https://www.tripadvisor.com/Attraction_Review-g255122-d26368851-Reviews-Birdy_Queenstown-Queenstown_Otago_Region_South_Island.html?m=66827,4.5,2,,-45.03106,168.66235,"Searle Lane, Queenstown 9300 New Zealand",Queenstown,,New Zealand,+64 3-409 0290,https://www.birdyqt.co.nz/,,"Queenstown, New Zealand",255122
23920807,Bright Ink Bookshop,https://www.tripadvisor.com/Attraction_Review-g255122-d23920807-Reviews-Bright_Ink_Bookshop-Queenstown_Otago_Region_South_Island.html?m=66827,,0,,-45.03106,168.66235,"26 Hansen Road, Queenstown 9300 New Zealand",Queenstown,,New Zealand,+64 210 833 4425,http://brightink.co.nz/,,"Queenstown, New Zealand",255122
25260297,Hello Physio,https://www.tripadvisor.com/Attraction_Review-g255122-d25260297-Reviews-Hello_Physio-Queenstown_Otago_Region_South_Island.html?m=66827,5.0,2,,-45.03106,168.66235,"103 Glenda Drive, Queenstown 9300 New Zealand",Queenstown,,New Zealand,+64 22 077 8730,http://www.hellophysio.co.nz,,"Queenstown, New Zealand",255122
25293748,Adventure Junkies,https://www.tripadvisor.com/Attraction_Review-g255122-d25293748-Reviews-Adventure_Junkies-Queenstown_Otago_Region_South_Island.html?m=66827,,0,,-45.03106,168.66235,Queenstown 9300 New Zealand,Queenstown,,New Zealand,,https://www.adventurejunkies.com/,,"Queenstown, New Zealand",255122
15110941,Sergios Menswear,https://www.tripadvisor.com/Attraction_Review-g255122-d15110941-Reviews-Sergios_Menswear-Queenstown_Otago_Region_South_Island.html?m=66827,,0,,-45.03103,168.66162,"10 Athol Street, Queenstown 9300 New Zealand",Queenstown,,New Zealand,+64 3-441 0055,https://www.sergios.co.nz/pages/queenstown,,"Queenstown, New Zealand",255122
1592800,Canyon Explorers,https://www.tripadvisor.com/Attraction_Review-g255122-d1592800-Reviews-Canyon_Explorers-Queenstown_Otago_Region_South_Island.html?m=66827,4.9,842,,-45.03103,168.66101,"39 Camp Street, Queenstown 9300 New Zealand",Queenstown,,New Zealand,+64 3-441 3003,http://www.canyonexplorers.nz,,"Queenstown, New Zealand",255122
8678957,Hetties Rock & Crystal Shop,https://www.tripadvisor.com/Attraction_Review-g255122-d8678957-Reviews-Hetties_Rock_Crystal_Shop-Queenstown_Otago_Region_South_Island.html?m=66827,4.4,77,,-45.03103,168.66098,"35 Camp St, Queenstown 9300 New Zealand",Queenstown,,New Zealand,+64 3-441 3413,http://www.hetties.co.nz,,"Queenstown, New Zealand",255122
12371608,Department Of Conservation-whakatipu-waimaori/queenstown Visitor Centre,https://www.tripadvisor.com/Attraction_Review-g255122-d12371608-Reviews-Department_Of_Conservation_whakatipu_waimaori_queenstown_Visitor_Centre-Queensto.html?m=66827,4.0,1,,-45.030846,168.6624,"50 Stanley Street, Queenstown 9300 New Zealand",Queenstown,,New Zealand,+64 3-442 7935,http://www.doc.govt.nz/footer-links/contact-us/visitor-centres/whakatipu-wai-maori-queenstown-visitor-centre/,,"Queenstown, New Zealand",255122
8370190,GreatSights,https://www.tripadvisor.com/Attraction_Review-g255122-d8370190-Reviews-GreatSights-Queenstown_Otago_Region_South_Island.html?m=66827,4.4,474,,-45.03093,168.6618,"Carpark 9-11 Athol Street, Queenstown 9300 New Zealand",Queenstown,,New Zealand,+64 9-583 5790,http://www.greatsights.co.nz/new-zealand-tour-destinations/mount-cook-and-queenstown/,,"Queenstown, New Zealand",255122
2018911,HeliBike NZ,https://www.tripadvisor.com/Attraction_Review-g255122-d2018911-Reviews-HeliBike_NZ-Queenstown_Otago_Region_South_Island.html?m=66827,4.9,42,,-45.030525,168.66156,"209 Glenda Drive Frankton Industrial, Queenstown 9300 New Zealand",Queenstown,,New Zealand,+64 800 328 897,http://www.helibikenz.com,,"Queenstown, New Zealand",255122
23902424,The Strand,https://www.tripadvisor.com/Attraction_Review-g255100-d23902424-Reviews-The_Strand-Melbourne_Victoria.html?m=66827,,0,,-37.818924,144.95778,"Corner Little Bourke St And Elizabeth St, Melbourne, Victoria Australia",Melbourne,Victoria,Australia,,http://www.thestrandmelbourne.com/,,"Melbourne, Australia",255100
25103473,Australia's Jack the Ripper Tpur,https://www.tripadvisor.com/Attraction_Review-g255100-d25103473-Reviews-Australia_s_Jack_the_Ripper_Tpur-Melbourne_Victoria.html?m=66827,,0,,-37.818924,144.95778,"221 Flinders St, Melbourne, Victoria 3000 Australia",Melbourne,Victoria,Australia,+61 1300 865 800,https://audio-tours.cyaontheroad.com/experiences/1646050702.html,,"Melbourne, Australia",255100
23703606,Centenary Reserve,https://www.tripadvisor.com/Attraction_Review-g255100-d23703606-Reviews-Centenary_Reserve-Melbourne_Victoria.html?m=66827,,0,,-37.818924,144.95778,"Clifford St, Melbourne, Victoria Australia",Melbourne,Victoria,Australia,,http://www.portphillip.vic.gov.au/explore-the-city/beaches-parks-and-playgrounds/find-parks-and-playgrounds/centenary-reserve,,"Melbourne, Australia",255100
26245224,John’s Car Hire-Driver,https://www.tripadvisor.com/Attraction_Review-g580517-d26245224-Reviews-John_s_Car_Hire_Driver-Tullamarine_Greater_Melbourne_Victoria.html?m=66827,5.0,3,,-37.818924,144.95778,"Tullamarine, Victoria Australia",Tullamarine,Victoria,Australia,+61 413 264 528,https://www.facebook.com/Johncarhiredriver/?mibextid=lqqj4d,,"Melbourne, Australia",255100
27109911,MB caulking,https://www.tripadvisor.com/Attraction_Review-g255100-d27109911-Reviews-MB_caulking-Melbourne_Victoria.html?m=66827,,0,,-37.818924,144.95778,"Montrose court Sydenham, Melbourne, Victoria 3037 Australia",Melbourne,Victoria,Australia,+61 450 350 597,https://mbcaulkingservices.com.au/,,"Melbourne, Australia",255100
19140981,The Reuniting Family Sculpture,https://www.tripadvisor.com/Attraction_Review-g255100-d19140981-Reviews-The_Reuniting_Family_Sculpture-Melbourne_Victoria.html?m=66827,4.2,10,,-37.81868,144.95761,"525 Collins St, Melbourne, Victoria 3000 Australia",Melbourne,Victoria,Australia,,http://monumentaustralia.org.au/themes/landscape/settlement/display/100252-the-reuniting-family,,"Melbourne, Australia",255100
34105677,Cloud Nine Saturdays,https://www.tripadvisor.com/Attraction_Review-g255100-d34105677-Reviews-Cloud_Nine_Saturdays-Melbourne_Victoria.html?m=66827,,0,,-37.818882,144.95718,"60 King Street, Melbourne, Victoria 3000 Australia",Melbourne,Victoria,Australia,,https://www.instagram.com/cloudninesaturdays/?hl=en,,"Melbourne, Australia",255100
15048884,former York Butter Factory,https://www.tripadvisor.com/Attraction_Review-g255100-d15048884-Reviews-Former_York_Butter_Factory-Melbourne_Victoria.html?m=66827,3.7,3,,-37.81875,144.95709,"62-66 King St, Melbourne, Victoria 3000 Australia",Melbourne,Victoria,Australia,,http://vhd.heritagecouncil.vic.gov.au/places/762/download-report,,"Melbourne, Australia",255100
5991177,The Lui Bar,https://www.tripadvisor.com/Attraction_Review-g255100-d5991177-Reviews-The_Lui_Bar-Melbourne_Victoria.html?m=66827,4.3,113,,-37.81866,144.95761,"525 Collins St Level 55 Rialto, Melbourne, Victoria 3000 Australia",Melbourne,Victoria,Australia,+61 3 9691 3888,http://www.luibar.com.au/,,"Melbourne, Australia",255100
23920026,Highlander Lane,https://www.tripadvisor.com/Attraction_Review-g255100-d23920026-Reviews-Highlander_Lane-Melbourne_Victoria.html?m=66827,4.0,1,,-37.818924,144.95778,"Highlander Lane, Melbourne, Victoria Australia",Melbourne,Victoria,Australia,,,,"Melbourne, Australia",255100
12289770,Art Collective WA,https://www.tripadvisor.com/Attraction_Review-g255103-d12289770-Reviews-Art_Collective_WA-Perth_Greater_Perth_Western_Australia.html?m=66827,,0,,-31.955421,115.86167,"2/565 Hay St Cathedral Square, Perth, Western Australia 6000 Australia",Perth,Western Australia,Australia,+61 8 9325 7237,http://www.artcollectivewa.com.au,,"Perth, Australia",255103
28442447,Cool Change,https://www.tripadvisor.com/Attraction_Review-g255103-d28442447-Reviews-Cool_Change-Perth_Greater_Perth_Western_Australia.html?m=66827,,0,,-31.95555,115.8627,"533 Hay St, Perth, Western Australia 6000 Australia",Perth,Western Australia,Australia,+61 484 500 838,http://www.coolchange.net.au,,"Perth, Australia",255103
17571839,Cathedral Square,https://www.tripadvisor.com/Attraction_Review-g255103-d17571839-Reviews-Cathedral_Square-Perth_Greater_Perth_Western_Australia.html?m=66827,4.5,2,,-31.95565,115.86074,"Cathedral Avenue, Perth, Western Australia 6000 Australia",Perth,Western Australia,Australia,,http://www.cathedralsquare.com.au/,,"Perth, Australia",255103
15620056,Ascalon,https://www.tripadvisor.com/Attraction_Review-g255103-d15620056-Reviews-Ascalon-Perth_Greater_Perth_Western_Australia.html?m=66827,3.8,8,,-31.95539,115.8605,"1 Cathedral Ave, Perth, Western Australia 6000 Australia",Perth,Western Australia,Australia,,http://www.perthcathedral.org/Ascalon/about-ascalon-and-the-artists.html,,"Perth, Australia",255103
526734,St. George's Anglican Cathedral,https://www.tripadvisor.com/Attraction_Review-g255103-d526734-Reviews-St_George_s_Anglican_Cathedral-Perth_Greater_Perth_Western_Australia.html?m=66827,4.5,372,,-31.95585,115.86129,"38 St Georges Tce Perth Cbd, Perth, Western Australia 6000 Australia",Perth,Western Australia,Australia,+61 8 9325 5766,http://www.perthcathedral.org,,"Perth, Australia",255103
33444626,Sideways Tours,https://www.tripadvisor.com/Attraction_Review-g255103-d33444626-Reviews-Sideways_Tours-Perth_Greater_Perth_Western_Australia.html?m=66827,5.0,4,,-31.955976,115.86138,"Perth, Western Australia Australia",Perth,Western Australia,Australia,,https://sidewaystours.com.au,,"Perth, Australia",255103
23755440,Kangaroos,https://www.tripadvisor.com/Attraction_Review-g255103-d23755440-Reviews-Kangaroos-Perth_Greater_Perth_Western_Australia.html?m=66827,4.5,2,,-31.956139,115.86032,"33 St Georges Terrace Part On Footpath, Part In Stirling Gardens, Perth, Western Australia 6000 Australia",Perth,Western Australia,Australia,,http://monumentaustralia.org.au/themes/culture/community/display/102236-kangaroos,,"Perth, Australia",255103
17594361,Ore Obelisk,https://www.tripadvisor.com/Attraction_Review-g255103-d17594361-Reviews-Ore_Obelisk-Perth_Greater_Perth_Western_Australia.html?m=66827,4.0,2,,-31.95622,115.860466,"St Georges Terrace, Stirling Gardens, Perth, Western Australia 6000 Australia",Perth,Western Australia,Australia,,,,"Perth, Australia",255103
7119310,Council House,https://www.tripadvisor.com/Attraction_Review-g255103-d7119310-Reviews-Council_House-Perth_Greater_Perth_Western_Australia.html?m=66827,4.2,37,,-31.956625,115.86079,"Government House 27 St Georges Tce Ground Floor, Council House, Perth, Western Australia 6000 Australia",Perth,Western Australia,Australia,,http://www.perth.wa.gov.au/contact-us,,"Perth, Australia",255103
25325319,Fanny Balbuk Yooreel Statue,https://www.tripadvisor.com/Attraction_Review-g255103-d25325319-Reviews-Fanny_Balbuk_Yooreel_Statue-Perth_Greater_Perth_Western_Australia.html?m=66827,5.0,1,,-31.956734,115.86078,"27-29 St Georges Terrace Government House Gardens, Perth, Western Australia 6000 Australia",Perth,Western Australia,Australia,,https://govhouse.wa.gov.au/fanny-balbuk-yooreel/,,"Perth, Australia",255103
27463109,Waitui Pursuit,https://www.tripadvisor.com/Attraction_Review-g612490-d27463109-Reviews-Waitui_Pursuit-Denarau_Island_Viti_Levu.html?m=66827,,0,,-17.834017,177.972,"Port Denarau, Denarau Island, Viti Levu Fiji",Denarau Island,Viti Levu,Fiji,,https://www.facebook.com/waituipursuit/,,Fiji,294331
27511441,Waitui Pursuit,https://www.tripadvisor.com/Attraction_Review-g612490-d27511441-Reviews-Waitui_Pursuit-Denarau_Island_Viti_Levu.html?m=66827,,0,,-17.834017,177.972,"Denarau Island, Viti Levu Fiji",Denarau Island,Viti Levu,Fiji,+679 245 6761,https://www.waituipursuit.com/,,Fiji,294331
24019193,Coral Coast Transfer And Tours,https://www.tripadvisor.com/Attraction_Review-g667476-d24019193-Reviews-Coral_Coast_Transfer_And_Tours-Coral_Coast_Viti_Levu.html?m=66827,5.0,10,,-17.713371,178.06503,Viti Levu Fiji,Viti Levu,Viti Levu,Fiji,+679 991 1049,http://coralcoasttransfersfiji.com/,,Fiji,294331
